location_id,receiver_latitude,receiver_longitude,repi_km,analysed_pga_g,analysed_loss_ratio,global_cmt_pga_g,global_cmt_loss_ratio,pga_difference_g,loss_ratio_difference
1,36.72096108226829,27.69836368910688,1020.3407968161225,0.0011528786400237707,0.0,0.0011529214626586487,0.0,4.28226348779797e-08,0.0
2,36.39455464027055,29.327564169136853,889.8970303755772,0.0010478718299571062,0.0,0.0010479231234160077,0.0,5.129345890153743e-08,0.0
3,36.27950272914779,29.867739251599968,847.8726055496242,0.001195618651853,0.0,0.0011956831060508425,0.0,6.445419784245447e-08,0.0
4,37.16167480728152,27.812520356913147,999.7458333571514,0.0009609170777299309,0.0,0.0009609543392648851,0.0,3.726153495421571e-08,0.0
5,37.05523302606474,28.36015699826684,954.6042492052758,0.001025921743711822,0.0,0.0010259653756738208,0.0,4.3631961998925536e-08,0.0
6,36.94562940880127,28.90634871473881,909.9724195020747,0.000993347655611357,0.0,0.0009933941614491929,0.0,4.650583783588451e-08,0.0
7,36.8328772139447,29.45106411136452,865.9331831127646,0.0010209838758097587,0.0,0.0010210366638493458,0.0,5.278803958709555e-08,0.0
8,36.71698994271946,29.994272814771403,822.5861586957478,0.001278576907865382,0.0,0.0012786501257690166,0.0,7.321790363454608e-08,0.0
9,36.59798132724053,30.535945483414405,780.0516517257657,0.0014756305635200452,0.0,0.00147572447722245,0.0,9.391370240480722e-08,0.0
10,36.0910154761869,32.68672555867665,621.4699222477883,0.0017031544211830207,0.0,0.0017033253179708813,0.0,1.7089678786062594e-07,0.0
11,37.70594421844185,27.37647198696236,1027.67420643284,0.000973646175925219,0.0,0.0009736818979203756,0.0,3.5721995156594993e-08,0.0
12,37.60190569498504,27.9287659737952,981.1961689049944,0.0009471396139351031,0.0,0.000947177748361724,0.0,3.813442662093259e-08,0.0
13,37.49467199987921,28.479607457505445,935.0781479561834,0.0009262962228566449,0.0,0.0009263372952394348,0.0,4.10723827899695e-08,0.0
14,37.384256519078185,29.028963277033085,889.3798575407538,0.001139471256248764,0.0,0.0011395270811543844,0.0,5.582490562048084e-08,0.0
15,37.27067289867793,29.5768013203776,844.1735734382289,0.0012396186651017645,0.0,0.001239686067631953,0.0,6.740253018851401e-08,0.0
16,37.15393503266164,30.12309053619455,799.5473067231943,0.0012208760288680868,0.0,0.00122095005414519,0.0,7.402527710319122e-08,0.0
17,37.03405705056574,30.66780094401345,755.6088788080881,0.0016284408445896548,0.0,0.0016285512164233653,0.0,1.1037183371052049e-07,0.0
18,36.91105330508504,31.21090364309496,712.4911528224218,0.001718087477638967,0.0,0.0017182184836097248,0.0,1.3100597075774503e-07,0.0
19,36.78493835963457,31.75237081994863,670.3587224746395,0.001713267050440295,0.0,0.0017134147367031695,0.0,1.4768626287447323e-07,0.0
20,36.65572697588564,32.292175754535066,629.4163796953695,0.0016712066610575576,0.0,0.0016713701475587282,0.0,1.6348650117058508e-07,0.0
21,36.52343410129269,32.830292825178866,589.9196261727487,0.00202424218757846,0.0,0.0020244674863421452,0.0,2.252987636851972e-07,0.0
22,36.38807485662762,33.36669751222091,552.1872604909015,0.002262055624084168,0.0,0.0022623429001314486,0.0,2.872760472808107e-07,0.0
23,38.34642733343527,26.37603488009032,1107.4044405649101,0.0009595180459929788,0.0,0.0009595483415698907,0.0,3.029557691194319e-08,0.0
24,38.24807464160599,26.93450807089659,1059.653525417077,0.0007555731542800412,0.0,0.0007555992450242234,0.0,2.60907441822179e-08,0.0
25,38.14647942535193,27.491558562072004,1012.1093446609871,0.001139392382537542,0.0,0.0011394354144630653,0.0,4.3031925523340925e-08,0.0
26,38.041654895825566,28.04715028256068,964.8055201702917,0.0008840628363100519,0.0,0.0008840996583739371,0.0,3.6822063885196335e-08,0.0
27,37.93361455511884,28.601248223537706,917.7826168955581,0.0010708556269556574,0.0,0.0010709048987462488,0.0,4.9271790591347633e-08,0.0
28,37.82237218374227,29.15381845299078,871.0899062048985,0.0012011796385109667,0.0,0.0012012409745201585,0.0,6.133600919180915e-08,0.0
29,37.70794182798869,29.70482812881885,824.787663867502,0.0010978471276302613,0.0,0.001097909692003781,0.0,6.25643735198151e-08,0.0
30,37.59033778720124,30.25424551046159,778.9501865574205,0.0013400815921380555,0.0,0.0013401671788968053,0.0,8.558675874980638e-08,0.0
31,37.46957460096505,30.80203996907684,733.6697775993226,0.0014734303139821183,0.0,0.0014735363789299578,0.0,1.0606494783957539e-07,0.0
32,37.34566703624191,31.34818199628632,689.0620413904036,0.0014353283244788518,0.0,0.0014354454984411955,0.0,1.1717396234366129e-07,0.0
33,37.21863007446594,31.89264321151313,645.2729383606201,0.0015829079324796618,0.0,0.0015830552762488481,0.0,1.4734376918633212e-07,0.0
34,37.08847889861916,32.43539636793712,602.4881816314696,0.0017889163245813585,0.0,0.0017891073051915902,0.0,1.909806102316433e-07,0.0
35,36.95522888030389,32.976415357097224,560.9456720988311,0.001950310611366648,0.0,0.0019505507921183753,0.0,2.4018075172726333e-07,0.0
36,36.81889556682967,33.51567521217214,520.9516828535916,0.002484212200328364,0.0,0.0024845665747139957,0.0,3.543743856315902e-07,0.0
37,36.67949466833073,34.05315210997315,482.9012049751502,0.002728044233538789,0.0,0.0027284971104507933,0.0,4.5287691200456004e-07,0.0
38,36.09153440869359,36.18479369961207,362.4029859786793,0.004218703624664732,0.0,0.004219945449846442,0.0,1.2418251817102044e-06,0.0
39,38.68892326225698,27.04833743448202,1046.9472665607632,0.0008059417873417062,0.0,0.0008059702948163063,0.0,2.8507474600109745e-08,0.0
40,38.58654862739613,27.60878134728513,998.7271022416444,0.0011458519100646268,0.0,0.001145896362292841,0.0,4.44522282143367e-08,0.0
41,38.48092332630997,28.16772469576237,950.6814015478155,0.0011908631266056033,0.0,0.0011909141314026895,0.0,5.1004797086166495e-08,0.0
42,38.37206126242352,28.725131642390245,902.84146540443,0.0009930050711621766,0.0,0.0009930522991693212,0.0,4.722800714461288e-08,0.0
43,38.25997662378592,29.28096746915477,855.2456619239114,0.0011697830959935508,0.0,0.001169845077891034,0.0,6.198189748322751e-08,0.0
44,38.14468386993303,29.83519859074117,807.9414115020296,0.001192684669051906,0.0,0.0011927554924861202,0.0,7.082343421427849e-08,0.0
45,38.02619771865637,30.387792566174863,760.9878493822154,0.0013239893807560383,0.0,0.0013240779926167645,0.0,8.86118607262322e-08,0.0
46,37.90453313269919,30.93871810893301,714.4594347962936,0.0013599360826965464,0.0,0.0013600393532771013,0.0,1.0327058055491917e-07,0.0
47,37.77970530639941,31.48794509554942,668.4508940648566,0.00248637270410646,0.0,0.002486585003888493,0.0,2.1229978203326713e-07,0.0
48,37.65172965229903,32.03544457273861,623.0840560023934,0.0018262051544613023,0.0,0.0018263873949118437,0.0,1.822404505414689e-07,0.0
49,37.52062178773912,32.581188763067985,578.5173796700012,0.0018626929666436401,0.0,0.0018629086445538607,0.0,2.1567791022060467e-07,0.0
50,37.38639752145882,33.125151069209814,534.959299311266,0.0021926150464530426,0.0,0.002192911856885047,0.0,2.968104320043817e-07,0.0
51,37.24907284021617,33.66730607680735,492.6868986186104,0.002784148122946184,0.0,0.002784591914952552,0.0,4.4379200636818564e-07,0.0
52,37.108663895448274,34.20762955599211,452.0717458074654,0.0031427501208860674,0.0,0.0031433449747312755,0.0,5.948538452081077e-07,0.0
53,36.96518698998718,34.74609846159084,413.6145381527521,0.0035103205141316127,0.0,0.0035111141661527665,0.0,7.936520211538831e-07,0.0
54,36.81865856484759,35.28269093206378,377.9883596419532,0.004984739406301231,0.0,0.004986075783553756,0.0,1.3363772525254447e-06,0.0
55,36.51651353185552,36.3501650247302,319.0384954957483,0.004602757904389878,0.0,0.004604507056806292,0.0,1.7491524164142333e-06,0.0
56,39.12932169354253,27.16429886150565,1036.4175421787168,0.000818181692081438,0.0,0.0008182112233598037,0.0,2.9531278365724743e-08,0.0
57,39.02615285189753,27.728192482780084,987.6123624428058,0.0009405767221604864,0.0,0.0009406141017757006,0.0,3.737961521419527e-08,0.0
58,38.91971166128295,28.290542362066432,938.9220526274149,0.0010211387997809999,0.0,0.0010211836957437488,0.0,4.4895962748913235e-08,0.0
59,38.810012439872,28.851311815912176,890.3689463330788,0.0011173885147607214,0.0,0.0011174431408985247,0.0,5.462613780326392e-08,0.0
60,38.69706979675155,29.41046532512941,841.9806694414353,0.0012035332497682407,0.0,0.0012035990423713365,0.0,6.579260309583397e-08,0.0
61,38.580898618260015,29.96796854805596,793.7917064782022,0.0013145952689561959,0.0,0.001314676116488957,0.0,8.084753276116179e-08,0.0
62,38.46151405423436,30.52378833218374,745.8455411376259,0.0013362207001968187,0.0,0.0013363138027777067,0.0,9.310258088806624e-08,0.0
63,38.33893150418781,31.07789272417605,698.1976229949427,0.0016250368880364313,0.0,0.0016251660242781777,0.0,1.2913624174637137e-07,0.0
64,38.21316660343932,31.63025097829894,650.9195407553696,0.0019396751606567451,0.0,0.0019398523464464216,0.0,1.7718578967647163e-07,0.0
65,38.08423520921518,32.180833563295366,604.1049836410341,0.0017766287280843813,0.0,0.0017768173855736177,0.0,1.886574892363737e-07,0.0
66,37.95215338674287,32.729612167733904,557.8783900817539,0.00245601592972987,0.0,0.0024563211439794226,0.0,3.052142495524844e-07,0.0
67,37.816937395356426,33.27655970386688,512.407682869524,0.002610926467093589,0.0,0.0026113113148254125,0.0,3.8484773182351564e-07,0.0
68,37.67860367463222,33.821650310035366,467.92326242735214,0.0031932470187338133,0.0,0.0031938105692515847,0.0,5.635505177714259e-07,0.0
69,37.53716883057294,34.36485935166117,424.7465588361977,0.0033824682554515514,0.0,0.0033831935043288344,0.0,7.252488772829628e-07,0.0
70,37.39264962185748,34.90616342086814,383.33285698883765,0.0034398660926654614,0.0,0.00344077238660229,0.0,9.062939368286067e-07,0.0
71,37.24506294617298,35.445540334777355,344.334042552454,0.004608852923700912,0.0,0.00461035493800275,0.0,1.5020143018379395e-06,0.0
72,37.09442582664533,35.982969132522314,308.68431006304695,0.0066164896217616245,0.0,0.006619142159970074,0.0,2.6525382084497187e-06,0.0
73,36.94075539838291,36.51843007103232,277.6967173629084,0.005554376562655783,0.0,0.005557160905023833,0.0,2.784342368050176e-06,0.0
74,36.78406889514814,37.05190461963332,253.11237893741037,0.00639049568387817,0.0,0.006394349136763003,0.0,3.853452884833644e-06,0.0
75,39.66994047687324,26.71349486296508,1077.4689573535077,0.0007498240090775627,0.0,0.0007498490517933851,0.0,2.5042715822484046e-08,0.0
76,39.569271083172126,27.282445186661697,1028.1276894340956,0.0008280380494124412,0.0,0.0008280684201971475,0.0,3.037078470636244e-08,0.0
77,39.46529288763372,27.849845891918065,978.8386471610663,0.0008909715356584112,0.0,0.0008910075875008631,0.0,3.60518424519056e-08,0.0
78,39.3580203257534,28.41565823577763,929.6132905482215,0.0009218353556753126,0.0,0.0009218767129964516,0.0,4.135732113892676e-08,0.0
79,39.24746814441138,28.979844671420302,880.4658212033737,0.0013386527639211554,0.0,0.0013387195888332503,0.0,6.682491209496731e-08,0.0
80,39.13365138777182,29.5423688632149,831.413982792184,0.0012617090301524734,0.0,0.0012617797560492364,0.0,7.072589676307244e-08,0.0
81,39.01658538307148,30.10319570002948,782.4801546598031,0.0013779279089039592,0.0,0.0013780151051041693,0.0,8.719620021011877e-08,0.0
82,38.89628572632051,30.66229130681988,733.6928696247029,0.0013298213874541533,0.0,0.0013299171449011424,0.0,9.575744698911426e-08,0.0
83,38.772768267938105,31.21962305452092,685.0889568657683,0.0014728765196640862,0.0,0.001472998151506149,0.0,1.2163184206289042e-07,0.0
84,38.64604909834551,31.77515956826793,636.716624419297,0.0016449035804629983,0.0,0.0016450608269694322,0.0,1.572465064339501e-07,0.0
85,38.51614453353741,32.32887073398079,588.6399844374872,0.002149909196381748,0.0,0.0021501494019555544,0.0,2.4020557380655116e-07,0.0
86,38.38307110065308,32.88072770334502,540.9458445563184,0.0026277045366235124,0.0,0.002628051648437185,0.0,3.471118136728381e-07,0.0
87,38.24684552356719,33.43070289722835,493.7541437960903,0.002784427383411447,0.0,0.0027848692870894036,0.0,4.419036779565802e-07,0.0
88,38.107484708520346,33.97877000757363,447.234390924144,0.0031530586556695103,0.0,0.0031536685208436383,0.0,6.098651741280256e-07,0.0
89,37.96500572980777,34.52490399781175,401.6322081772724,0.003364507649045648,0.0,0.0033653150317035784,0.0,8.073826579303202e-07,0.0
90,37.81942581554456,35.06908110184059,357.3131604508158,0.004055374519575794,0.0,0.004056603360451826,0.0,1.2288408760318184e-06,0.0
91,37.67076233352466,35.611278821618285,314.8361608209344,0.0046087800743009055,0.0,0.004610578729691166,0.0,1.7986553902601954e-06,0.0
92,37.51903277719032,36.15147592342068,275.0755468601683,0.006272746503828896,0.0,0.006275946032322028,0.0,3.1995284931318063e-06,0.0
93,37.36425475172738,36.68965243281496,239.4119829256306,0.006923065238349586,0.0,0.006927729366485178,0.0,4.664128135592124e-06,0.0
94,37.20644596030164,37.22578962840265,209.97134447872003,0.009159457548735603,0.0,0.009167456844765417,0.0,7.999296029813363e-06,0.0
95,37.04562419045001,37.75987003438628,189.70522909578784,0.01072985088473697,0.0,0.010741310953484582,0.0,1.1460068747611366e-05,0.0
96,36.71501320700875,38.821796749967135,187.69279872192865,0.012389523853947478,0.0,0.012402937061910986,0.0,1.341320796350784e-05,0.0
97,40.11024381602152,26.830269986054727,1071.8087861076692,0.0007782251779648372,0.0,0.0007782514432057957,0.0,2.6265240958512834e-08,0.0
98,40.00877234376844,27.40283107497407,1022.1287966761666,0.0008352948887233876,0.0,0.0008353258862332,0.0,3.099750981241933e-08,0.0
99,39.903969276608166,27.97379735386537,972.4657290876793,0.0008996915285237848,0.0,0.000899728411751327,0.0,3.688322754212634e-08,0.0
100,39.795849486245295,28.543129149689825,922.825484505278,0.0009285664253449233,0.0,0.0009286086997888298,0.0,4.2274443906521915e-08,0.0
101,39.68442816279457,29.11078803463584,873.215496917911,0.0009956115271481517,0.0,0.0009956621496582155,0.0,5.0622510063816004e-08,0.0
102,39.569720800102296,29.676736841292104,823.645193777061,0.0012784753766649794,0.0,0.0012785483999934177,0.0,7.302332843831319e-08,0.0
103,39.45174318095948,30.24093967598165,774.1266316992944,0.0012276136787771513,0.0,0.0012276930875632485,0.0,7.940878609725456e-08,0.0
104,39.33051136223099,30.80336193028008,724.6753893421308,0.0013545642974922634,0.0,0.0013546642778766245,0.0,9.99803843610824e-08,0.0
105,39.2060416599246,31.36397029074492,675.3118462247756,0.0017299289851734822,0.0,0.0017300759079556416,0.0,1.4692278215940914e-07,0.0
106,39.078350634223085,31.92273274688748,626.0630546236332,0.0019129616049930853,0.0,0.0019131506246032784,0.0,1.8901961019307523e-07,0.0
107,38.94745507450225,32.479618597422046,576.9655471666849,0.001989956494288604,0.0,0.0019901880918384253,0.0,2.3159754982109843e-07,0.0
108,38.81337198435645,33.034598454831034,528.0696647159377,0.002701220346865856,0.0,0.0027015948024973974,0.0,3.744556315412109e-07,0.0
109,38.67611856665329,33.587644248287745,479.446436759305,0.0033522006187032024,0.0,0.003352762679709954,0.0,5.620610067516921e-07,0.0
110,38.53571220863781,34.13872922498166,431.19890699912327,0.00284974553496559,0.0,0.002850339156900947,0.0,5.936219353570686e-07,0.0
111,38.392170467105785,34.687827949893595,383.48151951286593,0.004245080291035086,0.0,0.0042461945362658494,0.0,1.1142452307636233e-06,0.0
112,38.24551105366531,35.234916304070964,336.5347736237446,0.005279191357506841,0.0,0.005280986883651002,0.0,1.7955261441609735e-06,0.0
113,38.09575182010447,35.779971481455135,290.7501167739054,0.005187724758728751,0.0,0.005190097690110149,0.0,2.3729313813978387e-06,0.0
114,37.94291074388236,36.32297198431528,246.79702874148447,0.006731616487395717,0.0,0.006735884483837009,0.0,4.267996441291964e-06,0.0
115,37.787005913759856,36.86389761734446,205.8791468959175,0.00958201947017836,0.0,0.009590717405489245,0.0,8.697935310884516e-06,0.0
116,37.628055515585366,37.40272948047536,170.2336500179644,0.01274499829208574,0.0,0.012761861463448237,0.0,1.686317136249775e-05,0.0
117,37.46607781825019,37.93944996047414,143.8766346494802,0.016401963673018844,0.0,0.0164322143516299,0.0,3.0250678611055265e-05,0.0
118,37.30109115982695,38.4740427213721,132.5197052976767,0.018611527900666842,0.0,0.018651872204732155,0.0,4.034430406531231e-05,0.0
119,37.13311393390367,39.006492693795046,139.91111085605667,0.019432063976327036,0.0,0.019469401628910667,0.0,3.7337652583631364e-05,0.0
120,36.96216457612552,39.5367860632515,163.56796976583263,0.014080626559516272,0.0,0.014100744500435474,0.0,2.011794091920198e-05,0.0
121,40.64903459878373,26.371447394800388,1118.2736599165403,0.0008205999255769538,0.0,0.0008206253601454528,0.0,2.5434568498984393e-08,0.0
122,40.3421823053369,28.100104579748663,968.5375492915593,0.00087898812966656,0.0,0.0008790244588535918,0.0,3.63291870318248e-08,0.0
123,40.23319904164602,28.67301389143944,918.6108740022612,0.0010706478952749918,0.0,0.0010706970685239999,0.0,4.9173249008034256e-08,0.0
124,40.120892001998726,29.244201706086056,868.6805370011847,0.0010338196169844742,0.0,0.0010338727296071593,0.0,5.311262268512494e-08,0.0
125,40.00527714511901,29.81363000912616,818.749844308481,0.0012821778724259904,0.0,0.0012822519873953715,0.0,7.411496938110156e-08,0.0
126,39.88637072459324,30.38126211134988,768.8231817910635,0.0012122943396408621,0.0,0.0012123738463495736,0.0,7.950670871149923e-08,0.0
127,39.76418927340092,30.94706266031314,718.9063915020622,0.001702035674215339,0.0,0.001702163147271612,0.0,1.2747305627312973e-07,0.0
128,39.638749588390894,31.51099764986585,669.0073160392388,0.0014810530040747488,0.0,0.0014811812677424116,0.0,1.282636676628538e-07,0.0
129,39.510068714727474,32.073034427829406,619.1366050009933,0.0019392789650541096,0.0,0.0019394748959103826,0.0,1.9593085627306502e-07,0.0
130,39.37816393033035,32.63314170186223,569.3089426878257,0.0020610976955897525,0.0,0.002061344042107615,0.0,2.4634651786233433e-07,0.0
131,39.24305273033106,33.1912895435556,519.5449763052335,0.002483166271985386,0.0,0.0024835224302451903,0.0,3.561582598045343e-07,0.0
132,39.10475281156865,33.747449390805635,469.87445566444,0.004025632740265628,0.0,0.004026325509370922,0.0,6.927691052942622e-07,0.0
133,38.96328205714568,34.30159404851024,420.3415658742574,0.003235816015248602,0.0,0.003236524878245081,0.0,7.08862996478838e-07,0.0
134,38.81865852106536,34.85369768764283,371.01444788088963,0.0037905147379643403,0.0,0.0037915803429632924,0.0,1.0656049989521583e-06,0.0
135,38.67090041296952,35.40373584275705,322.003240124009,0.004667841053933116,0.0,0.004669582052037507,0.0,1.7409981043917458e-06,0.0
136,38.52002608299594,35.951685407979305,273.4968243055379,0.005949493443809998,0.0,0.0059525662786133185,0.0,3.0728348033208855e-06,0.0
137,38.36605400677348,36.49752463154753,225.84452749210055,0.0075489666237933935,0.0,0.007554678907165338,0.0,5.712283371944564e-06,0.0
138,38.20900277057115,37.04123310895654,179.75795672473362,0.010765642165097252,0.0,0.010778462928609227,0.0,1.2820763511974323e-05,0.0
139,38.0488910566178,37.58279177477196,136.8704816257338,0.016087773312720616,0.0,0.016120644893162082,0.0,3.2871580441466014e-05,0.0
140,37.88573762860676,38.122182893175335,101.38759894248017,0.02423164868604234,0.0,0.024321078609217096,0.0,8.942992317475737e-05,0.0
141,37.71956131739987,38.65939004730469,83.44418644508869,0.03722967597332579,0.0,0.037427630097617695,0.0,0.00019795412429190334,0.0
142,37.55038100694362,39.194398127454846,93.79038193217254,0.02870049567085883,0.0,0.028823470308080388,0.0,0.00012297463722155816,0.0
143,37.3782156204095,39.72719331820265,125.67255676386615,0.01885193610266841,0.0,0.018897461640581984,0.0,4.5525537913572445e-05,0.0
144,37.20308410656944,40.2577630845222,167.2340554356296,0.012410306391527116,0.0,0.012427347276849923,0.0,1.7040885322807536e-05,0.0
145,41.08928448177223,26.488968088567013,1117.186720521723,0.0010185478194395044,0.0,0.001018579382473643,0.0,3.1563034138572255e-08,0.0
146,40.98955554528828,27.07058243420781,1067.1728041841761,0.0009670665350319857,0.0,0.0009670994277736348,0.0,3.289274164912197e-08,0.0
147,40.556858879095685,29.380147541154155,866.8998596612262,0.0010678272187108337,0.0,0.0010678823005676823,0.0,5.508185684866343e-08,0.0
148,40.44031923175131,29.953111188266483,816.7756703195415,0.0013435579256309159,0.0,0.0013436359423448499,0.0,7.801671393398331e-08,0.0
149,40.32046641172607,30.5242267272893,766.6289104380157,0.001224302398538526,0.0,0.0012243831519926642,0.0,8.075345413823161e-08,0.0
150,40.19731744397758,31.09345805137606,716.4598511480647,0.001421587087414841,0.0,0.0014216944240473112,0.0,1.0733663247022157e-07,0.0
151,40.07088962204292,31.660770453715006,666.2691011116335,0.0020014962669371783,0.0,0.002001670590982438,0.0,1.7432404525973e-07,0.0
152,39.94120049187214,32.22613063486308,616.0577460546243,0.0016960834149545708,0.0,0.0016962566122548314,0.0,1.7319730026056114e-07,0.0
153,39.80826783566438,32.78950670817389,565.8275628875458,0.0020051108899818825,0.0,0.002005353543908755,0.0,2.426539268724111e-07,0.0
154,39.67210965573072,33.350868203365806,515.5813593734792,0.0024958506860697535,0.0,0.002496214201790467,0.0,3.635157207132825e-07,0.0
155,39.53274415840682,33.91018606828075,465.3235343387343,0.0028383415267891946,0.0,0.002838848996194336,0.0,5.074694051413441e-07,0.0
156,39.3901897380382,34.467432668886644,415.06104536796175,0.003607150193486146,0.0,0.00360795965960483,0.0,8.094661186840678e-07,0.0
157,39.24446496105929,35.02258178758028,364.80517652231,0.004020210110408935,0.0,0.004021378610852048,0.0,1.1685004431124732e-06,0.0
158,39.09558855018729,35.575608619849234,314.57499826529346,0.005299978107656773,0.0,0.005302046074681243,0.0,2.06796702447061e-06,0.0
159,38.94357936874966,36.126489769354585,264.4047586914112,0.006468001593271389,0.0,0.0064715731373342,0.0,3.571544062811252e-06,0.0
160,38.78845640516469,36.67520324149756,214.36159347962098,0.00805460566858848,0.0,0.008061368673601124,0.0,6.763005012642986e-06,0.0
161,38.63023875759182,37.22172843553528,164.59521705246303,0.013606094246884824,0.0,0.013625322899190832,0.0,1.9228652306007427e-05,0.0
162,38.46894561876885,37.76604613531235,115.5137934453411,0.020868722240296664,0.0,0.020928260516478923,0.0,5.953827618225896e-05,0.0
163,38.30459626105106,38.30813849867578,68.68992727595081,0.045886503796629736,0.0,0.046243849827704,0.0,0.00035734603107426266,0.0
164,38.13721002166683,38.84798904564202,35.04906206699717,0.1066097367399435,1e-08,0.10945217789961202,1e-08,0.0028424411596685156,0.0
165,37.96680628820294,39.385582645385306,53.725752690869435,0.06282867014816318,1e-08,0.06360753557185403,1e-08,0.0007788654236908499,0.0
166,37.7934044843319,39.92090550211677,98.51590226662836,0.026766562664549985,0.0,0.026870765604883984,0.0,0.00010420294033399932,0.0
167,37.61702405579266,40.45394513992413,147.304539527338,0.015236389873983621,0.0,0.015263265955982463,0.0,2.6876081998842075e-05,0.0
168,37.43768445663451,40.98469038664149,197.1801163247132,0.010026879341998102,0.0,0.01003680120890168,0.0,9.921866903577978e-06,0.0
169,37.25540513573389,41.51313135681831,247.51506246787648,0.007177530161314829,0.0,0.007182049600001123,0.0,4.519438686293592e-06,0.0
170,41.52911975891151,26.60877510208489,1118.2437066936507,0.0008501548052896781,0.0,0.0008501811531063992,0.0,2.634781672103837e-08,0.0
171,41.42856530103737,27.19423644754487,1068.2201872001074,0.0008910257445484459,0.0,0.0008910560074145087,0.0,3.0262866062722923e-08,0.0
172,41.32459277417623,27.778001842368653,1018.1735017942569,0.0009584451352243775,0.0,0.0009584809643917516,0.0,3.5829167374093127e-08,0.0
173,41.21721809479402,28.360027310851105,968.1028880775536,0.0010843025383918943,0.0,0.0010843473563328433,0.0,4.4817940948954985e-08,0.0
174,41.1064575358912,28.94027026737205,918.007597126934,0.0009397598142007735,0.0,0.0009398030480734929,0.0,4.323387271939431e-08,0.0
175,40.99232771054403,29.51868953397133,867.8868982448051,0.001017558856667377,0.0,0.0010176112311070132,0.0,5.237443963614953e-08,0.0
176,40.87484555531893,30.095245355730786,817.7400855099074,0.0012308063222502127,0.0,0.0012308776576247214,0.0,7.133537450868845e-08,0.0
177,40.75402831358981,30.66989941399068,767.566486957842,0.0016716035503285902,0.0,0.001671713250932484,0.0,1.0970060389378297e-07,0.0
178,40.62989351878622,31.24261483743329,717.3654776862196,0.0013517316183190551,0.0,0.0013518334363299632,0.0,1.0181801090810606e-07,0.0
179,40.50245897760074,31.81335621107146,667.1364989628722,0.0015778676059386796,0.0,0.0015780049981680816,0.0,1.373922294020495e-07,0.0
180,40.37174275318224,32.38208958318474,616.8790867757391,0.001790425405567592,0.0,0.0017906077152189444,0.0,1.8230965135234908e-07,0.0
181,40.23776314834132,32.948782470250165,566.5929157136583,0.0019214138388882714,0.0,0.0019216457714222295,0.0,2.319325339580989e-07,0.0
182,40.10053868879341,33.513403859918775,516.2778686743767,0.0022069957535599087,0.0,0.002207316562836107,0.0,3.208092761984062e-07,0.0
183,39.96008810646402,34.075924212092694,465.9341519958438,0.0027807357036947426,0.0,0.002781231649161199,0.0,4.959454664565238e-07,0.0
184,39.81643032287921,34.636315458161214,415.56249465702604,0.0034795988024758774,0.0,0.003480378186868308,0.0,7.793843924304433e-07,0.0
185,39.66958443266434,35.194550998457146,365.16451295051576,0.0036552820316368183,0.0,0.0036563431845371723,0.0,1.0611529003539538e-06,0.0
186,39.51956968717203,35.75060569799753,314.7434265042095,0.004690365116923953,0.0,0.004692196436291289,0.0,1.83131936733541e-06,0.0
187,39.366405478259885,36.30445588057545,264.30559552542155,0.006745817000608451,0.0,0.006749541433946547,0.0,3.72443333809553e-06,0.0
188,39.21011132223724,36.85607932127117,213.86423573641056,0.009283524318944908,0.0,0.009291331591026561,0.0,7.807272081652647e-06,0.0
189,39.050706843999045,37.4054552374532,163.45001148678676,0.013524137989931592,0.0,0.013543531913983147,0.0,1.9393924051555253e-05,0.0
190,38.88821176136395,37.95256427834092,113.14989388597557,0.020651194002899307,0.0,0.020712645683880513,0.0,6.145168098120601e-05,0.0
191,38.72264586963246,38.497388513201685,63.330340324463144,0.05289990759513759,1e-08,0.05337806502584497,1e-08,0.00047815743070737937,0.0
192,38.55402902637986,39.03991141825595,18.751865936015694,0.22199257329146851,0.0006692825217832876,0.23566048185394128,0.0013662015197921944,0.01366790856247277,0.0006969189980089068
193,38.38238113649788,39.58011786236474,42.874362153810715,0.08054738004774441,1e-08,0.08206450617975676,1e-08,0.001517126132012353,0.0
194,38.20772213749719,40.11799409157385,92.1057412948435,0.030613039935912127,0.0,0.030748507240185796,0.0,0.000135467304273669,0.0
195,38.0300719850824,40.65352771258926,142.48086099476527,0.017088779783116247,0.0,0.017120852432372536,0.0,3.2072649256288666e-05,0.0
196,37.84945063900995,41.1867076752579,193.1423980926007,0.011375738264568317,0.0,0.011387416792811347,0.0,1.1678528243030256e-05,0.0
197,37.66587804923799,41.7175242541276,243.9410379918836,0.007190717732925954,0.0,0.007195380276233591,0.0,4.662543307636623e-06,0.0
198,37.47937414237634,42.24596902915907,294.83067263344185,0.005081355015844661,0.0,0.005083615577644641,0.0,2.260561799980257e-06,0.0
199,41.86714480472202,27.32030359889184,1071.5034441066678,0.0007560577257543172,0.0,0.0007560832585398126,0.0,2.5532785495369255e-08,0.0
200,41.76230564320424,27.90793197350734,1021.5558229126093,0.0008118383304455272,0.0,0.0008118684927550291,0.0,3.0162309501923466e-08,0.0
201,41.06191479063402,31.39460201858199,721.6065987765547,0.00133990533639908,0.0,0.0013400050813243236,0.0,9.974492524360105e-08,0.0
202,40.93345450667417,31.96882470353246,671.5911768291402,0.001498241316705377,0.0,0.0014983700677469207,0.0,1.2875104154369023e-07,0.0
203,40.801691908159086,32.54098176438588,621.5804429706967,0.0017532711999665208,0.0,0.0017534470450718052,0.0,1.758451052844088e-07,0.0
204,40.666645835463534,33.11104011893139,571.5827942545997,0.0023632865589538875,0.0,0.0023635663760518647,0.0,2.7981709797711765e-07,0.0
205,40.52833535453819,33.67896821343401,521.6101826966991,0.0024560621645259096,0.0,0.0024564116718500967,0.0,3.4950732418718294e-07,0.0
206,40.38677973958139,34.24473602295546,471.67999686713785,0.00284272951266707,0.0,0.002843224080179501,0.0,4.945675124313348e-07,0.0
207,40.24199845581047,34.80831504974517,421.81827040517004,0.0034630491645804787,0.0,0.0034638018667667646,0.0,7.527021862858106e-07,0.0
208,40.09401114235636,35.36967831976815,372.06544473332303,0.0036458990002031736,0.0,0.003646918444711764,0.0,1.019444508590199e-06,0.0
209,39.94283759530382,35.928800377439245,322.48739187569913,0.0046642804349766665,0.0,0.004666014872611775,0.0,1.7344376351084712e-06,0.0
210,39.78849775089813,36.48565727863619,273.19820442592254,0.006536685021559383,0.0,0.006540062412427497,0.0,3.3773908681136375e-06,0.0
211,39.63101166893865,37.04022658206525,224.41217276939233,0.0085240112589661,0.0,0.008530529027660229,0.0,6.51776869412847e-06,0.0
212,39.47039951637768,37.59248733905582,176.57827515340912,0.01194636686087636,0.0,0.011961074724442813,0.0,1.4707863566453677e-05,0.0
213,39.30668155114245,38.14242008186092,130.7895306632625,0.018562120362199622,0.0,0.01860346893482927,0.0,4.134857262964864e-05,0.0
214,39.13987810619656,38.69000681054206,90.28119308250534,0.03219837382493927,0.0,0.03234615753620039,0.0,0.000147783711261118,0.0
215,38.97000957385584,39.23523097851778,65.7759409116821,0.04753838797474746,0.0,0.04794157438363138,0.0,0.0004031864088839196,0.0
216,38.79709639037304,39.77807747685498,75.13879004935002,0.03981297929746394,0.0,0.040074653482186764,0.0,0.0002616741847228238,0.0
217,38.62115902080354,40.3185326173833,110.09889858682531,0.02212131520741634,0.0,0.022190699895057744,0.0,6.938468764140435e-05,0.0
218,38.44221794416428,40.8565841147114,154.1675705626212,0.015119705049549105,0.0,0.015144009139864965,0.0,2.430409031585999e-05,0.0
219,38.26029363889579,41.3922210672249,201.48753790058456,0.009056635981893556,0.0,0.009065234251377325,0.0,8.59826948376892e-06,0.0
220,38.07540656863709,41.92543393714404,250.24928760830687,0.006401758581750045,0.0,0.006405707930210273,0.0,3.949348460227306e-06,0.0
221,37.88757716832112,42.45621452971892,299.77433731842325,0.005042770881706926,0.0,0.005044940772039328,0.0,2.1698903324022037e-06,0.0
222,37.6968258305983,42.98455597163872,349.7600023346393,0.004033210359545558,0.0,0.004034486134698004,0.0,1.2757751524459376e-06,0.0
223,37.503172892593774,43.5104526887302,400.0529055710814,0.003226851049325854,0.0,0.00322763174990473,0.0,7.807005788758661e-07,0.0
224,41.36387268192554,32.12724807530359,679.5585011016841,0.001535073118898245,0.0,0.0015352019459966444,0.0,1.2882709839938215e-07,0.0
225,41.23104397401816,32.70288003523498,630.0705453607966,0.0018505119182346545,0.0,0.0018506924829577922,0.0,1.8056472313762555e-07,0.0
226,41.09491145873179,33.2763531496317,580.6834952677517,0.0018844675938054381,0.0,0.0018846841573256392,0.0,2.1656352020113685e-07,0.0
227,40.95549475971331,33.847635325026566,531.4335100597516,0.0022143213896102477,0.0,0.002214625124771515,0.0,3.037351612674745e-07,0.0
228,40.81281371072964,34.41669605582694,482.37178349831726,0.0027562470633250634,0.0,0.002756705586701113,0.0,4.585233760495862e-07,0.0
229,40.66688833779436,34.98350642177497,433.5728850519917,0.002998312153727213,0.0,0.002998929715790233,0.0,6.1756206301989e-07,0.0
230,40.51773884143387,35.548039083457624,385.14919290540445,0.003896696946622907,0.0,0.003897712660340814,0.0,1.0157137179068673e-06,0.0
231,40.3653855791167,36.110268275942175,337.2771250915251,0.005114871552193977,0.0,0.005116605451040599,0.0,1.7338988466215552e-06,0.0
232,40.20984904786767,36.67016980061532,290.2475583976128,0.005135981838823331,0.0,0.005138339461875301,0.0,2.357623051969966e-06,0.0
233,40.05114986708789,37.227721015306265,244.56890644191296,0.006626719399134245,0.0,0.006630998871601826,0.0,4.279472467580946e-06,0.0
234,39.88930876159981,37.782900822775545,201.19104210867064,0.010195438878930518,0.0,0.010205116874090757,0.0,9.67799516023854e-06,0.0
235,39.72434654493565,38.33568965765315,162.00844815642222,0.013909106544533548,0.0,0.01392939006186462,0.0,2.028351733107149e-05,0.0
236,39.55628410288591,38.88606947191002,130.89105728653774,0.01767181462024153,0.0,0.017711211516469302,0.0,3.939689622777312e-05,0.0
237,39.38514237732356,39.43402371894801,114.66134753070834,0.020254797091867026,0.0,0.02031351717300911,0.0,5.8720081142084324e-05,0.0
238,39.210942350318334,39.97953733639344,119.59759028666144,0.020165356993122895,0.0,0.020219052613131436,0.0,5.369562000854047e-05,0.0
239,39.03370502855385,40.522596727679726,143.57755208528255,0.015428644151702607,0.0,0.015457299901061197,0.0,2.8655749358589763e-05,0.0
240,38.85345142805938,41.063189742503695,179.14623711131176,0.011135229309874595,0.0,0.011148571707601756,0.0,1.334239772716149e-05,0.0
241,38.67020255926717,41.60130565624036,220.8029043881365,0.007939929783312046,0.0,0.007946212603762465,0.0,6.282820450419224e-06,0.0
242,38.48397941240376,42.136935148399466,265.72601608988754,0.006138647704380546,0.0,0.006142006179127808,0.0,3.358474747262516e-06,0.0
243,38.29480294322424,42.67007028020628,312.5333831408248,0.004739767388227479,0.0,0.0047416441935665184,0.0,1.876805339039861e-06,0.0
244,38.10269405909594,43.20070447138824,360.51254350737986,0.0038326317029792607,0.0,0.0038337729844860977,0.0,1.1412815068370143e-06,0.0
245,37.90767360543753,43.728832476246495,409.2703709570907,0.003266307828043687,0.0,0.0032670627200134875,0.0,7.548919698004836e-07,0.0
246,37.70976235251805,44.25445035909105,458.575781522291,0.002678777748833313,0.0,0.002679271129965759,0.0,4.933811324461974e-07,0.0
247,41.65979456066122,32.86785971045566,642.195039745383,0.0015942291635465482,0.0,0.0015943789861275048,0.0,1.4982258095654413e-07,0.0
248,41.52255515900016,33.444797513838466,593.7015575468477,0.0020229785987870464,0.0,0.0020232008865505666,0.0,2.2228776352028676e-07,0.0
249,41.38201157695592,34.01948170678295,545.5004295675669,0.002068410340731678,0.0,0.002068679665186607,0.0,2.693244549292935e-07,0.0
250,41.238184225796175,34.59188130842567,497.6855212618185,0.002371334451907978,0.0,0.002371705331945181,0.0,3.7088003720280385e-07,0.0
251,41.09109371005216,35.16196698394322,450.39010254573867,0.0027047769557308446,0.0,0.002705293416190494,0.0,5.164604596494607e-07,0.0
252,40.9407608091312,35.729711038947386,403.80862162406106,0.003705290794039814,0.0,0.0037061693548253306,0.0,8.785607855167112e-07,0.0
253,40.78720645911132,36.29508741192155,358.23358238398896,0.004306841056249357,0.0,0.00430813835182009,0.0,1.2972955707327496e-06,0.0
254,40.63045173474038,36.85807166478312,314.1197936412144,0.004941686498359878,0.0,0.00494362259417042,0.0,1.936095810541917e-06,0.0
255,40.47051783166179,37.41864097165869,272.1983029143935,0.005651524954112581,0.0,0.005654473557174731,0.0,2.94860306214971e-06,0.0
256,40.30742604888621,37.97677410596052,233.6757617841268,0.007087309936772852,0.0,0.007092321686311378,0.0,5.011749538525942e-06,0.0
257,40.14119777152859,38.5324514258542,200.54925376696562,0.00937105341996223,0.0,0.009380028704799481,0.0,8.975284837250616e-06,0.0
258,39.97185445382736,39.08565485820786,175.92793914201457,0.011938271570710078,0.0,0.011953080650905086,0.0,1.4809080195007929e-05,0.0
259,39.79941760246207,39.63636788111455,163.7328653749395,0.011999847721412651,0.0,0.012017056649594685,0.0,1.7208928182034164e-05,0.0
260,39.62390876018369,40.18457550507881,166.7513170211976,0.013479607113390532,0.0,0.013498163433634284,0.0,1.855632024375109e-05,0.0
261,39.44534948977105,40.73026425295892,184.2722003247135,0.01073640445880539,0.0,0.01074856698403851,0.0,1.2162525233120475e-05,0.0
262,39.263761358325205,41.27342213875534,212.77340544188672,0.00970629704102983,0.0,0.009714530315478732,0.0,8.233274448902692e-06,0.0
263,39.07916592191211,41.81403864533565,248.5328494660801,0.008101968739015388,0.0,0.008107005730101214,0.0,5.036991085826184e-06,0.0
264,38.891584710563,42.35210470118456,288.8919357457084,0.005484715176994711,0.0,0.005487255034803213,0.0,2.5398578085023688e-06,0.0
265,38.70103921364054,42.887612656266974,332.20022223612295,0.006344799669271463,0.0,0.006346980107220102,0.0,2.180437948639223e-06,0.0
266,38.5075508655773,43.420556257090176,377.46369818084975,0.00413751475190993,0.0,0.004138636878715053,0.0,1.1221268051229277e-06,0.0
267,38.31114103199241,43.9509306210494,424.07485941423835,0.003137291047190509,0.0,0.003137966397557202,0.0,6.753503666930179e-07,0.0
268,41.949571640011015,33.61645171466469,610.3823036019978,0.0017475018004234387,0.0,0.0017476835712425082,0.0,1.8177081906952004e-07,0.0
269,41.80788002812139,34.194586415748496,563.4887867732152,0.001922562943309674,0.0,0.001922797581841516,0.0,2.3463853184198247e-07,0.0
270,41.662885026533125,34.77037131351163,517.2059844092354,0.002201097612370889,0.0,0.0022014164181181997,0.0,3.188057473104723e-07,0.0
271,41.51460783665575,35.34377666794147,471.72346123225947,0.002500398501104921,0.0,0.0025008337941947994,0.0,4.3529308987834067e-07,0.0
272,41.36306983487982,35.91477444162001,427.3080462772098,0.0029252186941470214,0.0,0.0029258391345187416,0.0,6.204403717202135e-07,0.0
273,41.20829255371199,36.48333829085251,384.34280496106965,0.004812352721390137,0.0,0.004813602094397013,0.0,1.2493730068762962e-06,0.0
274,41.05029766313624,37.04944355484163,343.3875325784844,0.003999691769954407,0.0,0.004001004554802274,0.0,1.3127848478670934e-06,0.0
275,40.88910695222355,37.61306724300135,305.26979633173465,0.0048251779448557925,0.0,0.004827180613721498,0.0,2.00266886570509e-06,0.0
276,40.72474231101067,38.17418802050582,271.2091070172914,0.005680852366777105,0.0,0.005683837868259804,0.0,2.9855014826987367e-06,0.0
277,40.55722571266727,38.732786192170245,242.9415557872365,0.006689727145720771,0.0,0.0066941051702416425,0.0,4.378024520871639e-06,0.0
278,40.38657919596919,39.288843684761055,222.71078415341034,0.007707029259507024,0.0,0.0077130256349025395,0.0,5.99637539551532e-06,0.0
279,40.21282484809435,39.8423440278335,212.8497761626971,0.008554290027863572,0.0,0.008561569061817707,0.0,7.279033954135303e-06,0.0
280,40.03598478775554,40.39327233319441,214.82074185971697,0.00813040207113056,0.0,0.008137198632748286,0.0,6.796561617726168e-06,0.0
281,39.85608114868425,40.94161527308801,228.34579740693815,0.007775798678605082,0.0,0.0077815511335776275,0.0,5.752454972545243e-06,0.0
282,39.67313606347664,41.48736105720132,251.59474021403778,0.007555049820192145,0.0,0.007559644983820124,0.0,4.595163627978821e-06,0.0
283,39.48717164781292,42.03049940858551,282.19852455498403,0.005516536767775149,0.0,0.005519214447297125,0.0,2.6776795219764227e-06,0.0
284,39.29820998505886,42.57102153858751,318.06321841940553,0.004754065195981889,0.0,0.0047558824361224735,0.0,1.8172401405848124e-06,0.0
285,39.106273111257465,43.108920120885394,357.6297728607365,0.003993364309517391,0.0,0.003994572383357539,0.0,1.2080738401483437e-06,0.0
286,38.91138300051731,43.64418926471844,399.8193051615195,0.003388038116757447,0.0,0.003388858521189655,0.0,8.204044322081099e-07,0.0
287,38.71356155080296,44.17682448740173,443.90182496551,0.003206122568249571,0.0,0.0032067519747099407,0.0,6.294064603695228e-07,0.0
288,40.972420283171616,38.93677722780187,287.47822422945706,0.005209700288450378,0.0,0.005212137916375505,0.0,2.4376279251277916e-06,0.0
289,40.80044778902895,39.49571909858484,270.3257662440676,0.005708455936658001,0.0,0.005711475520201733,0.0,3.019583543732371e-06,0.0
290,40.62535312599842,40.05203511772502,261.9773457913077,0.006021670814645957,0.0,0.006025061407168509,0.0,3.3905925225516734e-06,0.0
291,40.44715900445944,40.60571052901054,263.2956428179663,0.005936358182568241,0.0,0.0059396676709612935,0.0,3.3094883930525135e-06,0.0
292,40.26588814434975,41.15673218632065,274.16480761383974,0.005927980021974874,0.0,0.005931026897467603,0.0,3.0468754927282654e-06,0.0
293,40.08156325855301,41.70508852872559,293.54843604979754,0.005355950599871999,0.0,0.005358353012156255,0.0,2.4024122842556533e-06,0.0
294,39.894207036685685,42.25076955448307,319.923951662026,0.004713016324747042,0.0,0.004714797034630411,0.0,1.7807098833689389e-06,0.0
295,39.70384212929231,42.79376679403261,351.7419575875007,0.004093205297876222,0.0,0.00409448528374305,0.0,1.2799858668281414e-06,0.0
296,39.51049113245673,43.33407328208632,387.68338806349016,0.0035415797315413817,0.0,0.0035424917554279477,0.0,9.120238865659505e-07,0.0
297,39.31417657283573,43.87168352891327,426.7250551727699,0.003070226357358733,0.0,0.0030708791582425917,0.0,6.528008838586549e-07,0.0
298,40.85741936414967,40.82197523280503,311.9798109847615,0.004613148924623113,0.0,0.004614982487931373,0.0,1.8335633082599764e-06,0.0
299,40.67475798937051,41.37569978034522,320.97556624889785,0.004610501162928844,0.0,0.004612232063855993,0.0,1.73090092714899e-06,0.0
300,40.48903002379566,41.926688929415135,337.461518842995,0.004344405813402103,0.0,0.004345881508146769,0.0,1.4756947446662241e-06,0.0
301,40.30025874564381,42.47493299098696,360.4302822471586,0.003947292705299758,0.0,0.003948468396625688,0.0,1.1756913259304905e-06,0.0
302,40.10846738679795,43.02042385331604,388.75255217293335,0.0038819954285600664,0.0,0.0038829885284669212,0.0,9.930999068548385e-07,0.0
303,39.91367911703061,43.56315495196356,421.3673618001096,0.003128523452302378,0.0,0.0031292056446443083,0.0,6.821923419302565e-07,0.0
304,39.71591702867863,44.10312123901409,457.3736091972417,0.0027689752403763216,0.0,0.0027694878327647818,0.0,5.125923884601556e-07,0.0
305,41.08267754767554,41.598605305389576,368.3944609082393,0.003602412300068798,0.0,0.003603439886899094,0.0,1.027586830295961e-06,0.0
306,40.89552278239917,42.15224905047704,382.654461097443,0.0036110661984110537,0.0,0.0036120206720791164,0.0,9.54473668062731e-07,0.0
307,40.70531276695041,42.70307599224188,402.87429973723033,0.0033446718979803355,0.0,0.0033454695956892915,0.0,7.976977089560119e-07,0.0
308,40.51207132902601,43.2510784181305,428.2269935998052,0.0030542085221776285,0.0,0.0030548533770708135,0.0,6.44854893185054e-07,0.0
309,41.30102727729793,42.38185817002582,428.71810536734,0.0031246712970554296,0.0,0.0031253294005879188,0.0,6.581035324891744e-07,0.0
310,41.10935440482272,42.935287266968686,446.69957691919103,0.002868072886607422,0.0,0.002868629463882998,0.0,5.565772755759466e-07,0.0
311,40.91463883219449,43.48581857106326,469.5400563681812,0.002667205805710981,0.0,0.0026676743309037264,0.0,4.685251927451922e-07,0.0
