receiver_id,latitude,longitude,vs30_3arcsec,direct_cell_status_3arcsec,direct_3arcsec,fallback_3arcsec,fallback_distance_3arcsec_m,vs30_9arcsec,direct_cell_status_9arcsec,direct_9arcsec,fallback_9arcsec,fallback_distance_9arcsec_m,fallback_category
1,36.72096108226829,27.69836368910688,174.60174560546875,nodata,False,True,658.0955001070834,249.61154174804688,nodata,False,True,785.0992841011663,both
2,36.39455464027055,29.327564169136853,514.04833984375,valid,True,False,,512.3291015625,valid,True,False,,neither
3,36.27950272914779,29.867739251599968,446.307373046875,valid,True,False,,444.1215515136719,valid,True,False,,neither
4,37.16167480728152,27.812520356913147,417.40411376953125,valid,True,False,,416.2839050292969,valid,True,False,,neither
5,37.05523302606474,28.36015699826684,404.9154357910156,valid,True,False,,419.6947937011719,valid,True,False,,neither
6,36.94562940880127,28.90634871473881,537.5999755859375,valid,True,False,,537.6055297851562,valid,True,False,,neither
7,36.8328772139447,29.45106411136452,600.7100219726562,valid,True,False,,600.7100219726562,valid,True,False,,neither
8,36.71698994271946,29.994272814771403,427.47869873046875,valid,True,False,,421.3836364746094,valid,True,False,,neither
9,36.59798132724053,30.535945483414405,350.50775146484375,valid,True,False,,361.19775390625,valid,True,False,,neither
10,36.0910154761869,32.68672555867665,576.5399780273438,valid,True,False,,576.5399780273438,valid,True,False,,neither
11,37.70594421844185,27.37647198696236,300.5386657714844,valid,True,False,,365.6109924316406,valid,True,False,,neither
12,37.60190569498504,27.9287659737952,387.9013366699219,valid,True,False,,460.6383056640625,valid,True,False,,neither
13,37.49467199987921,28.479607457505445,576.5399780273438,valid,True,False,,576.5399780273438,valid,True,False,,neither
14,37.384256519078185,29.028963277033085,427.2144775390625,valid,True,False,,420.2082214355469,valid,True,False,,neither
15,37.27067289867793,29.5768013203776,405.0047912597656,valid,True,False,,413.7246398925781,valid,True,False,,neither
16,37.15393503266164,30.12309053619455,516.536865234375,valid,True,False,,520.7107543945312,valid,True,False,,neither
17,37.03405705056574,30.66780094401345,319.27349853515625,valid,True,False,,319.2999572753906,valid,True,False,,neither
18,36.91105330508504,31.21090364309496,321.46197509765625,valid,True,False,,346.513671875,valid,True,False,,neither
19,36.78493835963457,31.75237081994863,429.752197265625,valid,True,False,,433.94403076171875,valid,True,False,,neither
20,36.65572697588564,32.292175754535066,576.5399780273438,valid,True,False,,576.5399780273438,valid,True,False,,neither
21,36.52343410129269,32.830292825178866,460.7351379394531,valid,True,False,,459.2327575683594,valid,True,False,,neither
22,36.38807485662762,33.36669751222091,464.6625061035156,valid,True,False,,445.5190734863281,valid,True,False,,neither
23,38.34642733343527,26.37603488009032,159.09075927734375,nodata,False,True,1222.7447797346306,289.8257141113281,nodata,False,True,1462.8408471895862,both
24,38.24807464160599,26.93450807089659,600.7100219726562,valid,True,False,,600.7100219726562,valid,True,False,,neither
25,38.14647942535193,27.491558562072004,269.3341369628906,valid,True,False,,264.477294921875,valid,True,False,,neither
26,38.041654895825566,28.04715028256068,576.5399780273438,valid,True,False,,576.5399780273438,valid,True,False,,neither
27,37.93361455511884,28.601248223537706,445.3048400878906,valid,True,False,,435.82220458984375,valid,True,False,,neither
28,37.82237218374227,29.15381845299078,385.0972595214844,valid,True,False,,398.863037109375,valid,True,False,,neither
29,37.70794182798869,29.70482812881885,600.7100219726562,valid,True,False,,600.7100219726562,valid,True,False,,neither
30,37.59033778720124,30.25424551046159,459.4958190917969,valid,True,False,,457.3770446777344,valid,True,False,,neither
31,37.46957460096505,30.80203996907684,453.04302978515625,valid,True,False,,451.2735595703125,valid,True,False,,neither
32,37.34566703624191,31.34818199628632,600.7100219726562,valid,True,False,,600.7100219726562,valid,True,False,,neither
33,37.21863007446594,31.89264321151313,600.7100219726562,valid,True,False,,600.7100219726562,valid,True,False,,neither
34,37.08847889861916,32.43539636793712,568.85205078125,valid,True,False,,572.5615234375,valid,True,False,,neither
35,36.95522888030389,32.976415357097224,600.7100219726562,valid,True,False,,600.7100219726562,valid,True,False,,neither
36,36.81889556682967,33.51567521217214,433.0396728515625,valid,True,False,,438.1084899902344,valid,True,False,,neither
37,36.67949466833073,34.05315210997315,458.208740234375,valid,True,False,,458.8939208984375,valid,True,False,,neither
38,36.09153440869359,36.18479369961207,450.06597900390625,valid,True,False,,449.14178466796875,valid,True,False,,neither
39,38.68892326225698,27.04833743448202,537.5999755859375,valid,True,False,,537.5999755859375,valid,True,False,,neither
40,38.58654862739613,27.60878134728513,274.394287109375,valid,True,False,,273.7044372558594,valid,True,False,,neither
41,38.48092332630997,28.16772469576237,299.04766845703125,valid,True,False,,297.76702880859375,valid,True,False,,neither
42,38.37206126242352,28.725131642390245,551.4521484375,valid,True,False,,553.3207397460938,valid,True,False,,neither
43,38.25997662378592,29.28096746915477,453.78265380859375,valid,True,False,,453.71917724609375,valid,True,False,,neither
44,38.14468386993303,29.83519859074117,533.5128784179688,valid,True,False,,530.4912719726562,valid,True,False,,neither
45,38.02619771865637,30.387792566174863,512.3675537109375,valid,True,False,,511.5866394042969,valid,True,False,,neither
46,37.90453313269919,30.93871810893301,600.7100219726562,valid,True,False,,600.7100219726562,valid,True,False,,neither
47,37.77970530639941,31.48794509554942,180.18142700195312,nodata,False,True,5211.464741296654,174.0323028564453,nodata,False,True,5324.282150709412,both
48,37.65172965229903,32.03544457273861,479.65362548828125,valid,True,False,,483.4779052734375,valid,True,False,,neither
49,37.52062178773912,32.581188763067985,600.7100219726562,valid,True,False,,600.7100219726562,valid,True,False,,neither
50,37.38639752145882,33.125151069209814,537.5999755859375,valid,True,False,,537.5999755859375,valid,True,False,,neither
51,37.24907284021617,33.66730607680735,407.2650451660156,valid,True,False,,406.625,valid,True,False,,neither
52,37.108663895448274,34.20762955599211,410.68609619140625,valid,True,False,,413.3904724121094,valid,True,False,,neither
53,36.96518698998718,34.74609846159084,433.2818908691406,valid,True,False,,435.5585021972656,valid,True,False,,neither
54,36.81865856484759,35.28269093206378,254.2814178466797,valid,True,False,,254.17575073242188,valid,True,False,,neither
55,36.51651353185552,36.3501650247302,618.614013671875,valid,True,False,,574.7426147460938,valid,True,False,,neither
56,39.12932169354253,27.16429886150565,537.5999755859375,valid,True,False,,537.5999755859375,valid,True,False,,neither
57,39.02615285189753,27.728192482780084,457.75299072265625,valid,True,False,,457.6072692871094,valid,True,False,,neither
58,38.91971166128295,28.290542362066432,450.2488098144531,valid,True,False,,450.2194519042969,valid,True,False,,neither
59,38.810012439872,28.851311815912176,442.70013427734375,valid,True,False,,438.607421875,valid,True,False,,neither
60,38.69706979675155,29.41046532512941,447.7154235839844,valid,True,False,,448.17181396484375,valid,True,False,,neither
61,38.580898618260015,29.96796854805596,480.494140625,valid,True,False,,447.7120666503906,valid,True,False,,neither
62,38.46151405423436,30.52378833218374,537.5999755859375,valid,True,False,,537.5999755859375,valid,True,False,,neither
63,38.33893150418781,31.07789272417605,422.1670227050781,valid,True,False,,425.9591369628906,valid,True,False,,neither
64,38.21316660343932,31.63025097829894,349.84417724609375,valid,True,False,,357.7516784667969,valid,True,False,,neither
65,38.08423520921518,32.180833563295366,576.5399780273438,valid,True,False,,576.5399780273438,valid,True,False,,neither
66,37.95215338674287,32.729612167733904,353.25726318359375,valid,True,False,,352.16064453125,valid,True,False,,neither
67,37.816937395356426,33.27655970386688,412.707763671875,valid,True,False,,412.3872375488281,valid,True,False,,neither
68,37.67860367463222,33.821650310035366,347.5035400390625,valid,True,False,,351.2305908203125,valid,True,False,,neither
69,37.53716883057294,34.36485935166117,428.799072265625,valid,True,False,,433.042724609375,valid,True,False,,neither
70,37.39264962185748,34.90616342086814,600.7100219726562,valid,True,False,,600.1805419921875,valid,True,False,,neither
71,37.24506294617298,35.445540334777355,434.94927978515625,valid,True,False,,435.80328369140625,valid,True,False,,neither
72,37.09442582664533,35.982969132522314,263.48321533203125,valid,True,False,,264.1910400390625,valid,True,False,,neither
73,36.94075539838291,36.51843007103232,600.0094604492188,valid,True,False,,600.6758422851562,valid,True,False,,neither
74,36.78406889514814,37.05190461963332,600.7100219726562,valid,True,False,,597.0223999023438,valid,True,False,,neither
75,39.66994047687324,26.71349486296508,576.5399780273438,valid,True,False,,576.5399780273438,valid,True,False,,neither
76,39.569271083172126,27.282445186661697,537.5999755859375,valid,True,False,,537.5999755859375,valid,True,False,,neither
77,39.46529288763372,27.849845891918065,537.5999755859375,valid,True,False,,537.5999755859375,valid,True,False,,neither
78,39.3580203257534,28.41565823577763,599.4104614257812,valid,True,False,,595.5006103515625,valid,True,False,,neither
79,39.24746814441138,28.979844671420302,156.3563995361328,outside_model_range,False,True,141.6807200464851,295.7789306640625,outside_model_range,False,True,270.33295009106126,both
80,39.13365138777182,29.5423688632149,414.6470947265625,valid,True,False,,418.7412414550781,valid,True,False,,neither
81,39.01658538307148,30.10319570002948,415.0216369628906,valid,True,False,,421.0323486328125,valid,True,False,,neither
82,38.89628572632051,30.66229130681988,576.5399780273438,valid,True,False,,576.5399780273438,valid,True,False,,neither
83,38.772768267938105,31.21962305452092,576.5399780273438,valid,True,False,,576.5399780273438,valid,True,False,,neither
84,38.64604909834551,31.77515956826793,574.7212524414062,valid,True,False,,574.7212524414062,valid,True,False,,neither
85,38.51614453353741,32.32887073398079,396.0218505859375,valid,True,False,,400.47369384765625,valid,True,False,,neither
86,38.38307110065308,32.88072770334502,334.7865905761719,valid,True,False,,334.04925537109375,valid,True,False,,neither
87,38.24684552356719,33.43070289722835,406.149658203125,valid,True,False,,403.3796691894531,valid,True,False,,neither
88,38.107484708520346,33.97877000757363,423.68218994140625,valid,True,False,,426.2925109863281,valid,True,False,,neither
89,37.96500572980777,34.52490399781175,537.176025390625,valid,True,False,,535.904052734375,valid,True,False,,neither
90,37.81942581554456,35.06908110184059,519.1831665039062,valid,True,False,,519.6965942382812,valid,True,False,,neither
91,37.67076233352466,35.611278821618285,600.7100219726562,valid,True,False,,600.7100219726562,valid,True,False,,neither
92,37.51903277719032,36.15147592342068,463.8275146484375,valid,True,False,,463.2667541503906,valid,True,False,,neither
93,37.36425475172738,36.68965243281496,600.7100219726562,valid,True,False,,600.7100219726562,valid,True,False,,neither
94,37.20644596030164,37.22578962840265,489.0403747558594,valid,True,False,,488.2951354980469,valid,True,False,,neither
95,37.04562419045001,37.75987003438628,472.8306579589844,valid,True,False,,478.5408935546875,valid,True,False,,neither
96,36.71501320700875,38.821796749967135,345.7132873535156,valid,True,False,,346.2952880859375,valid,True,False,,neither
97,40.11024381602152,26.830269986054727,537.5999755859375,valid,True,False,,537.5999755859375,valid,True,False,,neither
98,40.00877234376844,27.40283107497407,537.5999755859375,valid,True,False,,537.5999755859375,valid,True,False,,neither
99,39.903969276608166,27.97379735386537,537.5999755859375,valid,True,False,,537.5999755859375,valid,True,False,,neither
100,39.795849486245295,28.543129149689825,599.8543701171875,valid,True,False,,600.7100219726562,valid,True,False,,neither
101,39.68442816279457,29.11078803463584,619.1500244140625,valid,True,False,,619.1500244140625,valid,True,False,,neither
102,39.569720800102296,29.676736841292104,420.2923889160156,valid,True,False,,419.533203125,valid,True,False,,neither
103,39.45174318095948,30.24093967598165,576.5399780273438,valid,True,False,,576.5399780273438,valid,True,False,,neither
104,39.33051136223099,30.80336193028008,576.5399780273438,valid,True,False,,576.5399780273438,valid,True,False,,neither
105,39.2060416599246,31.36397029074492,414.0511169433594,valid,True,False,,412.9768981933594,valid,True,False,,neither
106,39.078350634223085,31.92273274688748,426.03961181640625,valid,True,False,,425.2662658691406,valid,True,False,,neither
107,38.94745507450225,32.479618597422046,525.0450439453125,valid,True,False,,517.856689453125,valid,True,False,,neither
108,38.81337198435645,33.034598454831034,340.7940673828125,valid,True,False,,340.79681396484375,valid,True,False,,neither
109,38.67611856665329,33.587644248287745,160.08177185058594,nodata,False,True,6875.29622842263,285.192626953125,nodata,False,True,7004.6779899862295,both
110,38.53571220863781,34.13872922498166,619.1500244140625,valid,True,False,,619.1500244140625,valid,True,False,,neither
111,38.392170467105785,34.687827949893595,359.8777770996094,valid,True,False,,360.6438293457031,valid,True,False,,neither
112,38.24551105366531,35.234916304070964,344.8053283691406,valid,True,False,,339.58758544921875,valid,True,False,,neither
113,38.09575182010447,35.779971481455135,600.7100219726562,valid,True,False,,600.7100219726562,valid,True,False,,neither
114,37.94291074388236,36.32297198431528,576.5399780273438,valid,True,False,,576.5399780273438,valid,True,False,,neither
115,37.787005913759856,36.86389761734446,469.7439880371094,valid,True,False,,469.52392578125,valid,True,False,,neither
116,37.628055515585366,37.40272948047536,464.3563232421875,valid,True,False,,464.0740661621094,valid,True,False,,neither
117,37.46607781825019,37.93944996047414,460.4999084472656,valid,True,False,,458.1355895996094,valid,True,False,,neither
118,37.30109115982695,38.4740427213721,450.7371826171875,valid,True,False,,451.1153564453125,valid,True,False,,neither
119,37.13311393390367,39.006492693795046,322.2624816894531,valid,True,False,,325.7251281738281,valid,True,False,,neither
120,36.96216457612552,39.5367860632515,418.32916259765625,valid,True,False,,418.77618408203125,valid,True,False,,neither
121,40.64903459878373,26.371447394800388,405.83905029296875,valid,True,False,,407.2633056640625,valid,True,False,,neither
122,40.3421823053369,28.100104579748663,576.5399780273438,valid,True,False,,576.5399780273438,valid,True,False,,neither
123,40.23319904164602,28.67301389143944,430.1071472167969,valid,True,False,,434.624755859375,valid,True,False,,neither
124,40.120892001998726,29.244201706086056,576.5399780273438,valid,True,False,,576.5399780273438,valid,True,False,,neither
125,40.00527714511901,29.81363000912616,421.53973388671875,valid,True,False,,425.595458984375,valid,True,False,,neither
126,39.88637072459324,30.38126211134988,613.5762329101562,valid,True,False,,608.7828369140625,valid,True,False,,neither
127,39.76418927340092,30.94706266031314,343.1845397949219,valid,True,False,,343.2217102050781,valid,True,False,,neither
128,39.638749588390894,31.51099764986585,619.1500244140625,valid,True,False,,619.1500244140625,valid,True,False,,neither
129,39.510068714727474,32.073034427829406,426.8257141113281,valid,True,False,,428.2435302734375,valid,True,False,,neither
130,39.37816393033035,32.63314170186223,502.8563537597656,valid,True,False,,499.3263854980469,valid,True,False,,neither
131,39.24305273033106,33.1912895435556,461.03009033203125,valid,True,False,,442.81707763671875,valid,True,False,,neither
132,39.10475281156865,33.747449390805635,152.6945343017578,nodata,False,True,1331.3781991282967,191.27317810058594,nodata,False,True,1381.0076061140237,both
133,38.96328205714568,34.30159404851024,486.26995849609375,valid,True,False,,500.1455078125,valid,True,False,,neither
134,38.81865852106536,34.85369768764283,512.4321899414062,valid,True,False,,534.3407592773438,valid,True,False,,neither
135,38.67090041296952,35.40373584275705,537.5999755859375,valid,True,False,,537.5999755859375,valid,True,False,,neither
136,38.52002608299594,35.951685407979305,537.5999755859375,valid,True,False,,537.5999755859375,valid,True,False,,neither
137,38.36605400677348,36.49752463154753,600.7100219726562,valid,True,False,,600.7100219726562,valid,True,False,,neither
138,38.20900277057115,37.04123310895654,572.4439697265625,valid,True,False,,576.5294799804688,valid,True,False,,neither
139,38.0488910566178,37.58279177477196,576.544189453125,valid,True,False,,576.5399780273438,valid,True,False,,neither
140,37.88573762860676,38.122182893175335,619.1500244140625,valid,True,False,,619.1500244140625,valid,True,False,,neither
141,37.71956131739987,38.65939004730469,425.3072509765625,valid,True,False,,420.077880859375,valid,True,False,,neither
142,37.55038100694362,39.194398127454846,537.3173217773438,valid,True,False,,537.5999755859375,valid,True,False,,neither
143,37.3782156204095,39.72719331820265,530.81640625,valid,True,False,,530.8634643554688,valid,True,False,,neither
144,37.20308410656944,40.2577630845222,516.1246337890625,valid,True,False,,528.6494140625,valid,True,False,,neither
145,41.08928448177223,26.488968088567013,242.7376251220703,valid,True,False,,243.0297088623047,valid,True,False,,neither
146,40.98955554528828,27.07058243420781,323.5298767089844,valid,True,False,,324.740478515625,valid,True,False,,neither
147,40.556858879095685,29.380147541154155,537.5999755859375,valid,True,False,,537.5999755859375,valid,True,False,,neither
148,40.44031923175131,29.953111188266483,386.5491943359375,valid,True,False,,383.7698059082031,valid,True,False,,neither
149,40.32046641172607,30.5242267272893,600.7100219726562,valid,True,False,,600.7100219726562,valid,True,False,,neither
150,40.19731744397758,31.09345805137606,535.0150146484375,valid,True,False,,535.0223999023438,valid,True,False,,neither
151,40.07088962204292,31.660770453715006,285.0708923339844,valid,True,False,,304.8576965332031,valid,True,False,,neither
152,39.94120049187214,32.22613063486308,600.7100219726562,valid,True,False,,600.7100219726562,valid,True,False,,neither
153,39.80826783566438,32.78950670817389,543.5369262695312,valid,True,False,,545.1306762695312,valid,True,False,,neither
154,39.67210965573072,33.350868203365806,443.4426574707031,valid,True,False,,449.58001708984375,valid,True,False,,neither
155,39.53274415840682,33.91018606828075,478.2244567871094,valid,True,False,,476.37945556640625,valid,True,False,,neither
156,39.3901897380382,34.467432668886644,398.687744140625,valid,True,False,,402.7200012207031,valid,True,False,,neither
157,39.24446496105929,35.02258178758028,492.3923645019531,valid,True,False,,492.7139892578125,valid,True,False,,neither
158,39.09558855018729,35.575608619849234,428.3100280761719,valid,True,False,,430.0249938964844,valid,True,False,,neither
159,38.94357936874966,36.126489769354585,496.2953186035156,valid,True,False,,495.9154052734375,valid,True,False,,neither
160,38.78845640516469,36.67520324149756,619.1500244140625,valid,True,False,,619.1500244140625,valid,True,False,,neither
161,38.63023875759182,37.22172843553528,444.8823547363281,valid,True,False,,446.1104431152344,valid,True,False,,neither
162,38.46894561876885,37.76604613531235,577.5000610351562,valid,True,False,,560.0208129882812,valid,True,False,,neither
163,38.30459626105106,38.30813849867578,502.34588623046875,valid,True,False,,502.46868896484375,valid,True,False,,neither
164,38.13721002166683,38.84798904564202,576.5399780273438,valid,True,False,,576.5399780273438,valid,True,False,,neither
165,37.96680628820294,39.385582645385306,537.5999755859375,valid,True,False,,537.5999755859375,valid,True,False,,neither
166,37.7934044843319,39.92090550211677,535.904052734375,valid,True,False,,535.904052734375,valid,True,False,,neither
167,37.61702405579266,40.45394513992413,495.7658996582031,valid,True,False,,505.2450866699219,valid,True,False,,neither
168,37.43768445663451,40.98469038664149,494.5308837890625,valid,True,False,,491.2444763183594,valid,True,False,,neither
169,37.25540513573389,41.51313135681831,489.94024658203125,valid,True,False,,488.5272216796875,valid,True,False,,neither
170,41.52911975891151,26.60877510208489,371.8243408203125,valid,True,False,,374.2494201660156,valid,True,False,,neither
171,41.42856530103737,27.19423644754487,391.9964294433594,valid,True,False,,393.7810974121094,valid,True,False,,neither
172,41.32459277417623,27.778001842368653,394.1825866699219,valid,True,False,,392.4464416503906,valid,True,False,,neither
173,41.21721809479402,28.360027310851105,346.375,valid,True,False,,349.6066589355469,valid,True,False,,neither
174,41.1064575358912,28.94027026737205,572.4337768554688,valid,True,False,,594.7554321289062,valid,True,False,,neither
175,40.99232771054403,29.51868953397133,600.7100219726562,valid,True,False,,600.7100219726562,valid,True,False,,neither
176,40.87484555531893,30.095245355730786,471.5147705078125,valid,True,False,,471.40081787109375,valid,True,False,,neither
177,40.75402831358981,30.66989941399068,282.9564514160156,valid,True,False,,283.1601257324219,valid,True,False,,neither
178,40.62989351878622,31.24261483743329,600.7100219726562,valid,True,False,,600.7100219726562,valid,True,False,,neither
179,40.50245897760074,31.81335621107146,537.5999755859375,valid,True,False,,537.5999755859375,valid,True,False,,neither
180,40.37174275318224,32.38208958318474,537.5924072265625,valid,True,False,,525.3312377929688,valid,True,False,,neither
181,40.23776314834132,32.948782470250165,600.7100219726562,valid,True,False,,600.7100219726562,valid,True,False,,neither
182,40.10053868879341,33.513403859918775,600.7100219726562,valid,True,False,,600.7100219726562,valid,True,False,,neither
183,39.96008810646402,34.075924212092694,503.08624267578125,valid,True,False,,498.0765686035156,valid,True,False,,neither
184,39.81643032287921,34.636315458161214,437.621826171875,valid,True,False,,437.4578552246094,valid,True,False,,neither
185,39.66958443266434,35.194550998457146,617.5223999023438,valid,True,False,,616.9863891601562,valid,True,False,,neither
186,39.51956968717203,35.75060569799753,576.5399780273438,valid,True,False,,576.5399780273438,valid,True,False,,neither
187,39.366405478259885,36.30445588057545,454.47149658203125,valid,True,False,,448.3022155761719,valid,True,False,,neither
188,39.21011132223724,36.85607932127117,441.4461364746094,valid,True,False,,441.9340515136719,valid,True,False,,neither
189,39.050706843999045,37.4054552374532,456.03594970703125,valid,True,False,,464.6650695800781,valid,True,False,,neither
190,38.88821176136395,37.95256427834092,619.1500244140625,valid,True,False,,619.1500244140625,valid,True,False,,neither
191,38.72264586963246,38.497388513201685,458.8225402832031,valid,True,False,,463.3088073730469,valid,True,False,,neither
192,38.55402902637986,39.03991141825595,357.9612731933594,valid,True,False,,357.75457763671875,valid,True,False,,neither
193,38.38238113649788,39.58011786236474,619.1500244140625,valid,True,False,,619.1500244140625,valid,True,False,,neither
194,38.20772213749719,40.11799409157385,486.7130432128906,valid,True,False,,487.0408020019531,valid,True,False,,neither
195,38.0300719850824,40.65352771258926,427.0920104980469,valid,True,False,,428.0439147949219,valid,True,False,,neither
196,37.84945063900995,41.1867076752579,380.04217529296875,valid,True,False,,387.1775817871094,valid,True,False,,neither
197,37.66587804923799,41.7175242541276,514.1657104492188,valid,True,False,,512.5012817382812,valid,True,False,,neither
198,37.47937414237634,42.24596902915907,600.7100219726562,valid,True,False,,600.7100219726562,valid,True,False,,neither
199,41.86714480472202,27.32030359889184,576.5399780273438,valid,True,False,,576.5399780273438,valid,True,False,,neither
200,41.76230564320424,27.90793197350734,576.5399780273438,valid,True,False,,576.5399780273438,valid,True,False,,neither
201,41.06191479063402,31.39460201858199,600.7100219726562,valid,True,False,,600.7100219726562,valid,True,False,,neither
202,40.93345450667417,31.96882470353246,567.1151733398438,valid,True,False,,594.1270141601562,valid,True,False,,neither
203,40.801691908159086,32.54098176438588,537.5999755859375,valid,True,False,,537.5999755859375,valid,True,False,,neither
204,40.666645835463534,33.11104011893139,388.73638916015625,valid,True,False,,354.2043762207031,valid,True,False,,neither
205,40.52833535453819,33.67896821343401,451.7929992675781,valid,True,False,,448.244140625,valid,True,False,,neither
206,40.38677973958139,34.24473602295546,450.39483642578125,valid,True,False,,452.1221618652344,valid,True,False,,neither
207,40.24199845581047,34.80831504974517,417.4193115234375,valid,True,False,,419.39495849609375,valid,True,False,,neither
208,40.09401114235636,35.36967831976815,582.2203369140625,valid,True,False,,580.7123413085938,valid,True,False,,neither
209,39.94283759530382,35.928800377439245,532.8096313476562,valid,True,False,,535.7010498046875,valid,True,False,,neither
210,39.78849775089813,36.48565727863619,435.0435485839844,valid,True,False,,429.4677429199219,valid,True,False,,neither
211,39.63101166893865,37.04022658206525,458.09832763671875,valid,True,False,,457.5965576171875,valid,True,False,,neither
212,39.47039951637768,37.59248733905582,474.547119140625,valid,True,False,,476.6583251953125,valid,True,False,,neither
213,39.30668155114245,38.14242008186092,479.39093017578125,valid,True,False,,476.82525634765625,valid,True,False,,neither
214,39.13987810619656,38.69000681054206,469.7297058105469,valid,True,False,,459.8590087890625,valid,True,False,,neither
215,38.97000957385584,39.23523097851778,537.5999755859375,valid,True,False,,537.5999755859375,valid,True,False,,neither
216,38.79709639037304,39.77807747685498,522.6787109375,valid,True,False,,523.709716796875,valid,True,False,,neither
217,38.62115902080354,40.3185326173833,576.5399780273438,valid,True,False,,576.5399780273438,valid,True,False,,neither
218,38.44221794416428,40.8565841147114,434.6419982910156,valid,True,False,,435.7065124511719,valid,True,False,,neither
219,38.26029363889579,41.3922210672249,596.8406372070312,valid,True,False,,582.1966552734375,valid,True,False,,neither
220,38.07540656863709,41.92543393714404,619.1500244140625,valid,True,False,,619.1500244140625,valid,True,False,,neither
221,37.88757716832112,42.45621452971892,576.5399780273438,valid,True,False,,576.5399780273438,valid,True,False,,neither
222,37.6968258305983,42.98455597163872,567.3203735351562,valid,True,False,,568.3587036132812,valid,True,False,,neither
223,37.503172892593774,43.5104526887302,600.7100219726562,valid,True,False,,600.7100219726562,valid,True,False,,neither
224,41.36387268192554,32.12724807530359,533.7816772460938,valid,True,False,,537.5999755859375,valid,True,False,,neither
225,41.23104397401816,32.70288003523498,449.63427734375,valid,True,False,,450.1291809082031,valid,True,False,,neither
226,41.09491145873179,33.2763531496317,576.5399780273438,valid,True,False,,576.5399780273438,valid,True,False,,neither
227,40.95549475971331,33.847635325026566,537.5999755859375,valid,True,False,,537.5999755859375,valid,True,False,,neither
228,40.81281371072964,34.41669605582694,449.4459228515625,valid,True,False,,449.4459228515625,valid,True,False,,neither
229,40.66688833779436,34.98350642177497,537.5999755859375,valid,True,False,,537.5999755859375,valid,True,False,,neither
230,40.51773884143387,35.548039083457624,435.9992370605469,valid,True,False,,437.2521057128906,valid,True,False,,neither
231,40.3653855791167,36.110268275942175,359.4662170410156,valid,True,False,,364.2544250488281,valid,True,False,,neither
232,40.20984904786767,36.67016980061532,619.1500244140625,valid,True,False,,619.1500244140625,valid,True,False,,neither
233,40.05114986708789,37.227721015306265,618.9990844726562,valid,True,False,,618.48388671875,valid,True,False,,neither
234,39.88930876159981,37.782900822775545,454.6751403808594,valid,True,False,,438.1587829589844,valid,True,False,,neither
235,39.72434654493565,38.33568965765315,449.1175537109375,valid,True,False,,447.51953125,valid,True,False,,neither
236,39.55628410288591,38.88606947191002,537.5999755859375,valid,True,False,,537.5999755859375,valid,True,False,,neither
237,39.38514237732356,39.43402371894801,619.1500244140625,valid,True,False,,619.1500244140625,valid,True,False,,neither
238,39.210942350318334,39.97953733639344,537.5999755859375,valid,True,False,,537.5999755859375,valid,True,False,,neither
239,39.03370502855385,40.522596727679726,537.5999755859375,valid,True,False,,537.5999755859375,valid,True,False,,neither
240,38.85345142805938,41.063189742503695,537.5999755859375,valid,True,False,,537.5999755859375,valid,True,False,,neither
241,38.67020255926717,41.60130565624036,576.5399780273438,valid,True,False,,576.5399780273438,valid,True,False,,neither
242,38.48397941240376,42.136935148399466,552.7262573242188,valid,True,False,,552.7262573242188,valid,True,False,,neither
243,38.29480294322424,42.67007028020628,576.5399780273438,valid,True,False,,576.5399780273438,valid,True,False,,neither
244,38.10269405909594,43.20070447138824,576.5399780273438,valid,True,False,,576.5399780273438,valid,True,False,,neither
245,37.90767360543753,43.728832476246495,542.3809204101562,valid,True,False,,537.9388427734375,valid,True,False,,neither
246,37.70976235251805,44.25445035909105,576.5399780273438,valid,True,False,,576.5399780273438,valid,True,False,,neither
247,41.65979456066122,32.86785971045566,600.7100219726562,valid,True,False,,600.7100219726562,valid,True,False,,neither
248,41.52255515900016,33.444797513838466,449.4922180175781,valid,True,False,,449.5407409667969,valid,True,False,,neither
249,41.38201157695592,34.01948170678295,576.5399780273438,valid,True,False,,576.5399780273438,valid,True,False,,neither
250,41.238184225796175,34.59188130842567,576.5399780273438,valid,True,False,,576.5399780273438,valid,True,False,,neither
251,41.09109371005216,35.16196698394322,600.7100219726562,valid,True,False,,600.7100219726562,valid,True,False,,neither
252,40.9407608091312,35.729711038947386,411.46221923828125,valid,True,False,,416.62835693359375,valid,True,False,,neither
253,40.78720645911132,36.29508741192155,446.0419921875,valid,True,False,,445.3791198730469,valid,True,False,,neither
254,40.63045173474038,36.85807166478312,507.6919250488281,valid,True,False,,512.1145629882812,valid,True,False,,neither
255,40.47051783166179,37.41864097165869,619.1500244140625,valid,True,False,,618.8026123046875,valid,True,False,,neither
256,40.30742604888621,37.97677410596052,619.1500244140625,valid,True,False,,619.12255859375,valid,True,False,,neither
257,40.14119777152859,38.5324514258542,570.3954467773438,valid,True,False,,545.0187377929688,valid,True,False,,neither
258,39.97185445382736,39.08565485820786,483.81463623046875,valid,True,False,,483.9147644042969,valid,True,False,,neither
259,39.79941760246207,39.63636788111455,619.1500244140625,valid,True,False,,619.1500244140625,valid,True,False,,neither
260,39.62390876018369,40.18457550507881,454.60797119140625,valid,True,False,,435.2808837890625,valid,True,False,,neither
261,39.44534948977105,40.73026425295892,532.9637451171875,valid,True,False,,530.8173828125,valid,True,False,,neither
262,39.263761358325205,41.27342213875534,413.1262512207031,valid,True,False,,403.1685791015625,valid,True,False,,neither
263,39.07916592191211,41.81403864533565,350.51214599609375,valid,True,False,,356.8906555175781,valid,True,False,,neither
264,38.891584710563,42.35210470118456,537.5999755859375,valid,True,False,,537.5999755859375,valid,True,False,,neither
265,38.70103921364054,42.887612656266974,159.88558959960938,nodata,False,True,9422.516914005155,220.89083862304688,nodata,False,True,9485.553743290959,both
266,38.5075508655773,43.420556257090176,407.0455017089844,valid,True,False,,406.58233642578125,valid,True,False,,neither
267,38.31114103199241,43.9509306210494,522.9056396484375,valid,True,False,,521.9302978515625,valid,True,False,,neither
268,41.949571640011015,33.61645171466469,585.3824462890625,valid,True,False,,578.09033203125,valid,True,False,,neither
269,41.80788002812139,34.194586415748496,613.1983642578125,valid,True,False,,611.6973876953125,valid,True,False,,neither
270,41.662885026533125,34.77037131351163,600.7100219726562,valid,True,False,,600.7100219726562,valid,True,False,,neither
271,41.51460783665575,35.34377666794147,611.6298828125,valid,True,False,,614.709716796875,valid,True,False,,neither
272,41.36306983487982,35.91477444162001,600.7100219726562,valid,True,False,,600.7100219726562,valid,True,False,,neither
273,41.20829255371199,36.48333829085251,261.0055847167969,valid,True,False,,261.2767333984375,valid,True,False,,neither
274,41.05029766313624,37.04944355484163,619.1500244140625,valid,True,False,,619.1500244140625,valid,True,False,,neither
275,40.88910695222355,37.61306724300135,600.7100219726562,valid,True,False,,600.7100219726562,valid,True,False,,neither
276,40.72474231101067,38.17418802050582,619.1500244140625,valid,True,False,,619.1500244140625,valid,True,False,,neither
277,40.55722571266727,38.732786192170245,619.1500244140625,valid,True,False,,619.1500244140625,valid,True,False,,neither
278,40.38657919596919,39.288843684761055,600.7100219726562,valid,True,False,,600.7100219726562,valid,True,False,,neither
279,40.21282484809435,39.8423440278335,557.3491821289062,valid,True,False,,549.0767822265625,valid,True,False,,neither
280,40.03598478775554,40.39327233319441,600.7100219726562,valid,True,False,,600.7100219726562,valid,True,False,,neither
281,39.85608114868425,40.94161527308801,537.5999755859375,valid,True,False,,537.5999755859375,valid,True,False,,neither
282,39.67313606347664,41.48736105720132,399.6725769042969,valid,True,False,,406.0848693847656,valid,True,False,,neither
283,39.48717164781292,42.03049940858551,576.5399780273438,valid,True,False,,576.5399780273438,valid,True,False,,neither
284,39.29820998505886,42.57102153858751,537.5999755859375,valid,True,False,,537.5999755859375,valid,True,False,,neither
285,39.106273111257465,43.108920120885394,537.5999755859375,valid,True,False,,537.5999755859375,valid,True,False,,neither
286,38.91138300051731,43.64418926471844,535.727783203125,valid,True,False,,535.6008911132812,valid,True,False,,neither
287,38.71356155080296,44.17682448740173,419.4975891113281,valid,True,False,,420.60577392578125,valid,True,False,,neither
288,40.972420283171616,38.93677722780187,619.1500244140625,valid,True,False,,619.1500244140625,valid,True,False,,neither
289,40.80044778902895,39.49571909858484,619.1500244140625,valid,True,False,,619.1500244140625,valid,True,False,,neither
290,40.62535312599842,40.05203511772502,614.683837890625,valid,True,False,,609.095947265625,valid,True,False,,neither
291,40.44715900445944,40.60571052901054,619.1500244140625,valid,True,False,,619.1500244140625,valid,True,False,,neither
292,40.26588814434975,41.15673218632065,537.5999755859375,valid,True,False,,537.5999755859375,valid,True,False,,neither
293,40.08156325855301,41.70508852872559,537.5999755859375,valid,True,False,,537.5999755859375,valid,True,False,,neither
294,39.894207036685685,42.25076955448307,537.5999755859375,valid,True,False,,537.5999755859375,valid,True,False,,neither
295,39.70384212929231,42.79376679403261,537.5999755859375,valid,True,False,,537.5999755859375,valid,True,False,,neither
296,39.51049113245673,43.33407328208632,537.5999755859375,valid,True,False,,537.5999755859375,valid,True,False,,neither
297,39.31417657283573,43.87168352891327,537.5999755859375,valid,True,False,,537.5999755859375,valid,True,False,,neither
298,40.85741936414967,40.82197523280503,619.1500244140625,valid,True,False,,619.1500244140625,valid,True,False,,neither
299,40.67475798937051,41.37569978034522,561.0712280273438,valid,True,False,,560.1820068359375,valid,True,False,,neither
300,40.48903002379566,41.926688929415135,535.0068359375,valid,True,False,,540.3002319335938,valid,True,False,,neither
301,40.30025874564381,42.47493299098696,537.5999755859375,valid,True,False,,537.5999755859375,valid,True,False,,neither
302,40.10846738679795,43.02042385331604,425.4351501464844,valid,True,False,,426.73468017578125,valid,True,False,,neither
303,39.91367911703061,43.56315495196356,537.5999755859375,valid,True,False,,537.5999755859375,valid,True,False,,neither
304,39.71591702867863,44.10312123901409,537.5999755859375,valid,True,False,,537.5999755859375,valid,True,False,,neither
305,41.08267754767554,41.598605305389576,619.1500244140625,valid,True,False,,619.1500244140625,valid,True,False,,neither
306,40.89552278239917,42.15224905047704,537.5999755859375,valid,True,False,,537.5999755859375,valid,True,False,,neither
307,40.70531276695041,42.70307599224188,537.5999755859375,valid,True,False,,537.5999755859375,valid,True,False,,neither
308,40.51207132902601,43.2510784181305,537.5999755859375,valid,True,False,,537.5999755859375,valid,True,False,,neither
309,41.30102727729793,42.38185817002582,505.7266540527344,valid,True,False,,506.8955383300781,valid,True,False,,neither
310,41.10935440482272,42.935287266968686,537.5999755859375,valid,True,False,,537.5999755859375,valid,True,False,,neither
311,40.91463883219449,43.48581857106326,532.794921875,valid,True,False,,535.4801025390625,valid,True,False,,neither
