location_id,longitude,latitude,vs30_model_9arcsec_m_s,vs30_model_9arcsec_status,vs30_model_9arcsec_fallback_distance_m,vs30_model_source_raster,vs30_model_source_raster_md5,vs30_3arcsec_m_s,vs30_3arcsec_status,vs30_3arcsec_direct_status,vs30_3arcsec_raster_row,vs30_3arcsec_raster_column,vs30_3arcsec_fallback_distance_m,vs30_3arcsec_source_raster,vs30_3arcsec_source_raster_md5,vs30_3arcsec_minus_model_m_s,vs30_absolute_difference_m_s,vs30_percent_difference
1,27.69836368910688,36.72096108226829,249.61154174804688,nearest_valid,785.0992841011663,TRVs30GeoM_9Arcsec.tif,B66C0EC63B18E8FC8DBFD4E41201F4AC,174.60174560546875,nearest_valid,nodata,12858,3502,658.0955001070834,TRVs30GeoM_3Arcsec.tif,C0F54FC735ABBEA202C7C6A44E590D82,-75.00979614257812,75.00979614257812,-30.050612090001664
2,29.327564169136853,36.39455464027055,512.3291015625,direct,,TRVs30GeoM_9Arcsec.tif,B66C0EC63B18E8FC8DBFD4E41201F4AC,514.04833984375,direct,valid,12822,5552,,TRVs30GeoM_3Arcsec.tif,C0F54FC735ABBEA202C7C6A44E590D82,1.71923828125,1.71923828125,0.3355730283535859
3,29.867739251599968,36.27950272914779,444.1215515136719,direct,,TRVs30GeoM_9Arcsec.tif,B66C0EC63B18E8FC8DBFD4E41201F4AC,446.307373046875,direct,valid,12811,6235,,TRVs30GeoM_3Arcsec.tif,C0F54FC735ABBEA202C7C6A44E590D82,2.185821533203125,2.185821533203125,0.49216740906927964
4,27.812520356913147,37.16167480728152,416.2839050292969,direct,,TRVs30GeoM_9Arcsec.tif,B66C0EC63B18E8FC8DBFD4E41201F4AC,417.40411376953125,direct,valid,12172,3478,,TRVs30GeoM_3Arcsec.tif,C0F54FC735ABBEA202C7C6A44E590D82,1.120208740234375,1.120208740234375,0.26909729794995024
5,28.36015699826684,37.05523302606474,419.6947937011719,direct,,TRVs30GeoM_9Arcsec.tif,B66C0EC63B18E8FC8DBFD4E41201F4AC,404.9154357910156,direct,valid,12163,4158,,TRVs30GeoM_3Arcsec.tif,C0F54FC735ABBEA202C7C6A44E590D82,-14.77935791015625,14.77935791015625,-3.521453716359261
6,28.90634871473881,36.94562940880127,537.6055297851562,direct,,TRVs30GeoM_9Arcsec.tif,B66C0EC63B18E8FC8DBFD4E41201F4AC,537.5999755859375,direct,valid,12154,4839,,TRVs30GeoM_3Arcsec.tif,C0F54FC735ABBEA202C7C6A44E590D82,-0.00555419921875,0.00555419921875,-0.0010331365492035824
7,29.45106411136452,36.8328772139447,600.7100219726562,direct,,TRVs30GeoM_9Arcsec.tif,B66C0EC63B18E8FC8DBFD4E41201F4AC,600.7100219726562,direct,valid,12144,5520,,TRVs30GeoM_3Arcsec.tif,C0F54FC735ABBEA202C7C6A44E590D82,0.0,0.0,0.0
8,29.994272814771403,36.71698994271946,421.3836364746094,direct,,TRVs30GeoM_9Arcsec.tif,B66C0EC63B18E8FC8DBFD4E41201F4AC,427.47869873046875,direct,valid,12133,6202,,TRVs30GeoM_3Arcsec.tif,C0F54FC735ABBEA202C7C6A44E590D82,6.095062255859375,6.095062255859375,1.4464401861572134
9,30.535945483414405,36.59798132724053,361.19775390625,direct,,TRVs30GeoM_9Arcsec.tif,B66C0EC63B18E8FC8DBFD4E41201F4AC,350.50775146484375,direct,valid,12122,6885,,TRVs30GeoM_3Arcsec.tif,C0F54FC735ABBEA202C7C6A44E590D82,-10.69000244140625,10.69000244140625,-2.9595982604534337
10,32.68672555867665,36.0910154761869,576.5399780273438,direct,,TRVs30GeoM_9Arcsec.tif,B66C0EC63B18E8FC8DBFD4E41201F4AC,576.5399780273438,direct,valid,12075,9624,,TRVs30GeoM_3Arcsec.tif,C0F54FC735ABBEA202C7C6A44E590D82,0.0,0.0,0.0
11,27.37647198696236,37.70594421844185,365.6109924316406,direct,,TRVs30GeoM_9Arcsec.tif,B66C0EC63B18E8FC8DBFD4E41201F4AC,300.5386657714844,direct,valid,11504,2772,,TRVs30GeoM_3Arcsec.tif,C0F54FC735ABBEA202C7C6A44E590D82,-65.07232666015625,65.07232666015625,-17.798241302146575
12,27.9287659737952,37.60190569498504,460.6383056640625,direct,,TRVs30GeoM_9Arcsec.tif,B66C0EC63B18E8FC8DBFD4E41201F4AC,387.9013366699219,direct,valid,11496,3450,,TRVs30GeoM_3Arcsec.tif,C0F54FC735ABBEA202C7C6A44E590D82,-72.73696899414062,72.73696899414062,-15.790473371354128
13,28.479607457505445,37.49467199987921,576.5399780273438,direct,,TRVs30GeoM_9Arcsec.tif,B66C0EC63B18E8FC8DBFD4E41201F4AC,576.5399780273438,direct,valid,11487,4129,,TRVs30GeoM_3Arcsec.tif,C0F54FC735ABBEA202C7C6A44E590D82,0.0,0.0,0.0
14,29.028963277033085,37.384256519078185,420.2082214355469,direct,,TRVs30GeoM_9Arcsec.tif,B66C0EC63B18E8FC8DBFD4E41201F4AC,427.2144775390625,direct,valid,11477,4809,,TRVs30GeoM_3Arcsec.tif,C0F54FC735ABBEA202C7C6A44E590D82,7.006256103515625,7.006256103515625,1.6673296109201117
15,29.5768013203776,37.27067289867793,413.7246398925781,direct,,TRVs30GeoM_9Arcsec.tif,B66C0EC63B18E8FC8DBFD4E41201F4AC,405.0047912597656,direct,valid,11467,5489,,TRVs30GeoM_3Arcsec.tif,C0F54FC735ABBEA202C7C6A44E590D82,-8.7198486328125,8.7198486328125,-2.107645470445408
16,30.12309053619455,37.15393503266164,520.7107543945312,direct,,TRVs30GeoM_9Arcsec.tif,B66C0EC63B18E8FC8DBFD4E41201F4AC,516.536865234375,direct,valid,11457,6171,,TRVs30GeoM_3Arcsec.tif,C0F54FC735ABBEA202C7C6A44E590D82,-4.17388916015625,4.17388916015625,-0.8015753707659713
17,30.66780094401345,37.03405705056574,319.2999572753906,direct,,TRVs30GeoM_9Arcsec.tif,B66C0EC63B18E8FC8DBFD4E41201F4AC,319.27349853515625,direct,valid,11446,6852,,TRVs30GeoM_3Arcsec.tif,C0F54FC735ABBEA202C7C6A44E590D82,-0.026458740234375,0.026458740234375,-0.00828648411360569
18,31.21090364309496,36.91105330508504,346.513671875,direct,,TRVs30GeoM_9Arcsec.tif,B66C0EC63B18E8FC8DBFD4E41201F4AC,321.46197509765625,direct,valid,11435,7535,,TRVs30GeoM_3Arcsec.tif,C0F54FC735ABBEA202C7C6A44E590D82,-25.05169677734375,25.05169677734375,-7.229641659386185
19,31.75237081994863,36.78493835963457,433.9440307617188,direct,,TRVs30GeoM_9Arcsec.tif,B66C0EC63B18E8FC8DBFD4E41201F4AC,429.752197265625,direct,valid,11424,8218,,TRVs30GeoM_3Arcsec.tif,C0F54FC735ABBEA202C7C6A44E590D82,-4.191833496093807,4.191833496093807,-0.9659848272911414
20,32.292175754535066,36.65572697588564,576.5399780273438,direct,,TRVs30GeoM_9Arcsec.tif,B66C0EC63B18E8FC8DBFD4E41201F4AC,576.5399780273438,direct,valid,11412,8903,,TRVs30GeoM_3Arcsec.tif,C0F54FC735ABBEA202C7C6A44E590D82,0.0,0.0,0.0
21,32.830292825178866,36.52343410129269,459.2327575683594,direct,,TRVs30GeoM_9Arcsec.tif,B66C0EC63B18E8FC8DBFD4E41201F4AC,460.7351379394531,direct,valid,11399,9587,,TRVs30GeoM_3Arcsec.tif,C0F54FC735ABBEA202C7C6A44E590D82,1.50238037109375,1.50238037109375,0.3271500881271764
22,33.36669751222091,36.38807485662762,445.5190734863281,direct,,TRVs30GeoM_9Arcsec.tif,B66C0EC63B18E8FC8DBFD4E41201F4AC,464.6625061035156,direct,valid,11387,10273,,TRVs30GeoM_3Arcsec.tif,C0F54FC735ABBEA202C7C6A44E590D82,19.1434326171875,19.1434326171875,4.29688283991616
23,26.37603488009032,38.34642733343527,289.8257141113281,nearest_valid,1462.8408471895862,TRVs30GeoM_9Arcsec.tif,B66C0EC63B18E8FC8DBFD4E41201F4AC,159.09075927734375,nearest_valid,nodata,10856,1405,1222.7447797346306,TRVs30GeoM_3Arcsec.tif,C0F54FC735ABBEA202C7C6A44E590D82,-130.73495483398438,130.73495483398438,-45.108128253853394
24,26.93450807089659,38.24807464160599,600.7100219726562,direct,,TRVs30GeoM_9Arcsec.tif,B66C0EC63B18E8FC8DBFD4E41201F4AC,600.7100219726562,direct,valid,10838,2069,,TRVs30GeoM_3Arcsec.tif,C0F54FC735ABBEA202C7C6A44E590D82,0.0,0.0,0.0
25,27.491558562072004,38.14647942535193,264.477294921875,direct,,TRVs30GeoM_9Arcsec.tif,B66C0EC63B18E8FC8DBFD4E41201F4AC,269.3341369628906,direct,valid,10829,2746,,TRVs30GeoM_3Arcsec.tif,C0F54FC735ABBEA202C7C6A44E590D82,4.856842041015625,4.856842041015625,1.8363928149107496
26,28.04715028256068,38.041654895825566,576.5399780273438,direct,,TRVs30GeoM_9Arcsec.tif,B66C0EC63B18E8FC8DBFD4E41201F4AC,576.5399780273438,direct,valid,10821,3423,,TRVs30GeoM_3Arcsec.tif,C0F54FC735ABBEA202C7C6A44E590D82,0.0,0.0,0.0
27,28.601248223537706,37.93361455511884,435.82220458984375,direct,,TRVs30GeoM_9Arcsec.tif,B66C0EC63B18E8FC8DBFD4E41201F4AC,445.3048400878906,direct,valid,10811,4101,,TRVs30GeoM_3Arcsec.tif,C0F54FC735ABBEA202C7C6A44E590D82,9.482635498046875,9.482635498046875,2.1758036644716325
28,29.15381845299078,37.82237218374227,398.863037109375,direct,,TRVs30GeoM_9Arcsec.tif,B66C0EC63B18E8FC8DBFD4E41201F4AC,385.0972595214844,direct,valid,10802,4780,,TRVs30GeoM_3Arcsec.tif,C0F54FC735ABBEA202C7C6A44E590D82,-13.765777587890625,13.765777587890625,-3.451254267042001
29,29.70482812881885,37.70794182798869,600.7100219726562,direct,,TRVs30GeoM_9Arcsec.tif,B66C0EC63B18E8FC8DBFD4E41201F4AC,600.7100219726562,direct,valid,10792,5460,,TRVs30GeoM_3Arcsec.tif,C0F54FC735ABBEA202C7C6A44E590D82,0.0,0.0,0.0
30,30.25424551046159,37.59033778720124,457.3770446777344,direct,,TRVs30GeoM_9Arcsec.tif,B66C0EC63B18E8FC8DBFD4E41201F4AC,459.4958190917969,direct,valid,10782,6140,,TRVs30GeoM_3Arcsec.tif,C0F54FC735ABBEA202C7C6A44E590D82,2.1187744140625,2.1187744140625,0.4632445897138056
31,30.80203996907684,37.46957460096505,451.2735595703125,direct,,TRVs30GeoM_9Arcsec.tif,B66C0EC63B18E8FC8DBFD4E41201F4AC,453.04302978515625,direct,valid,10771,6821,,TRVs30GeoM_3Arcsec.tif,C0F54FC735ABBEA202C7C6A44E590D82,1.76947021484375,1.76947021484375,0.3921058917186684
32,31.34818199628632,37.34566703624191,600.7100219726562,direct,,TRVs30GeoM_9Arcsec.tif,B66C0EC63B18E8FC8DBFD4E41201F4AC,600.7100219726562,direct,valid,10760,7502,,TRVs30GeoM_3Arcsec.tif,C0F54FC735ABBEA202C7C6A44E590D82,0.0,0.0,0.0
33,31.89264321151313,37.21863007446594,600.7100219726562,direct,,TRVs30GeoM_9Arcsec.tif,B66C0EC63B18E8FC8DBFD4E41201F4AC,600.7100219726562,direct,valid,10749,8185,,TRVs30GeoM_3Arcsec.tif,C0F54FC735ABBEA202C7C6A44E590D82,0.0,0.0,0.0
34,32.43539636793712,37.08847889861916,572.5615234375,direct,,TRVs30GeoM_9Arcsec.tif,B66C0EC63B18E8FC8DBFD4E41201F4AC,568.85205078125,direct,valid,10737,8868,,TRVs30GeoM_3Arcsec.tif,C0F54FC735ABBEA202C7C6A44E590D82,-3.70947265625,3.70947265625,-0.6478731986703121
35,32.976415357097224,36.95522888030389,600.7100219726562,direct,,TRVs30GeoM_9Arcsec.tif,B66C0EC63B18E8FC8DBFD4E41201F4AC,600.7100219726562,direct,valid,10725,9552,,TRVs30GeoM_3Arcsec.tif,C0F54FC735ABBEA202C7C6A44E590D82,0.0,0.0,0.0
36,33.51567521217214,36.81889556682967,438.1084899902344,direct,,TRVs30GeoM_9Arcsec.tif,B66C0EC63B18E8FC8DBFD4E41201F4AC,433.0396728515625,direct,valid,10712,10237,,TRVs30GeoM_3Arcsec.tif,C0F54FC735ABBEA202C7C6A44E590D82,-5.068817138671875,5.068817138671875,-1.156977610450978
37,34.05315210997315,36.67949466833073,458.8939208984375,direct,,TRVs30GeoM_9Arcsec.tif,B66C0EC63B18E8FC8DBFD4E41201F4AC,458.208740234375,direct,valid,10699,10922,,TRVs30GeoM_3Arcsec.tif,C0F54FC735ABBEA202C7C6A44E590D82,-0.6851806640625,0.6851806640625,-0.1493113403465949
38,36.18479369961207,36.09153440869359,449.1417846679688,direct,,TRVs30GeoM_9Arcsec.tif,B66C0EC63B18E8FC8DBFD4E41201F4AC,450.06597900390625,direct,valid,10642,13674,,TRVs30GeoM_3Arcsec.tif,C0F54FC735ABBEA202C7C6A44E590D82,0.9241943359374432,0.9241943359374432,0.205768950359553
39,27.04833743448202,38.68892326225698,537.5999755859375,direct,,TRVs30GeoM_9Arcsec.tif,B66C0EC63B18E8FC8DBFD4E41201F4AC,537.5999755859375,direct,valid,10164,2044,,TRVs30GeoM_3Arcsec.tif,C0F54FC735ABBEA202C7C6A44E590D82,0.0,0.0,0.0
40,27.60878134728513,38.58654862739613,273.7044372558594,direct,,TRVs30GeoM_9Arcsec.tif,B66C0EC63B18E8FC8DBFD4E41201F4AC,274.394287109375,direct,valid,10155,2721,,TRVs30GeoM_3Arcsec.tif,C0F54FC735ABBEA202C7C6A44E590D82,0.689849853515625,0.689849853515625,0.25204189615338685
41,28.16772469576237,38.48092332630997,297.7670288085937,direct,,TRVs30GeoM_9Arcsec.tif,B66C0EC63B18E8FC8DBFD4E41201F4AC,299.04766845703125,direct,valid,10147,3397,,TRVs30GeoM_3Arcsec.tif,C0F54FC735ABBEA202C7C6A44E590D82,1.2806396484375568,1.2806396484375568,0.430081078338851
42,28.725131642390245,38.37206126242352,553.3207397460938,direct,,TRVs30GeoM_9Arcsec.tif,B66C0EC63B18E8FC8DBFD4E41201F4AC,551.4521484375,direct,valid,10138,4074,,TRVs30GeoM_3Arcsec.tif,C0F54FC735ABBEA202C7C6A44E590D82,-1.86859130859375,1.86859130859375,-0.33770491043787804
43,29.28096746915477,38.25997662378592,453.71917724609375,direct,,TRVs30GeoM_9Arcsec.tif,B66C0EC63B18E8FC8DBFD4E41201F4AC,453.78265380859375,direct,valid,10128,4752,,TRVs30GeoM_3Arcsec.tif,C0F54FC735ABBEA202C7C6A44E590D82,0.0634765625,0.0634765625,0.013990275413368919
44,29.83519859074117,38.14468386993303,530.4912719726562,direct,,TRVs30GeoM_9Arcsec.tif,B66C0EC63B18E8FC8DBFD4E41201F4AC,533.5128784179688,direct,valid,10119,5431,,TRVs30GeoM_3Arcsec.tif,C0F54FC735ABBEA202C7C6A44E590D82,3.0216064453125,3.0216064453125,0.5695864578650874
45,30.387792566174863,38.02619771865637,511.5866394042969,direct,,TRVs30GeoM_9Arcsec.tif,B66C0EC63B18E8FC8DBFD4E41201F4AC,512.3675537109375,direct,valid,10109,6110,,TRVs30GeoM_3Arcsec.tif,C0F54FC735ABBEA202C7C6A44E590D82,0.780914306640625,0.780914306640625,0.1526455631347096
46,30.93871810893301,37.90453313269919,600.7100219726562,direct,,TRVs30GeoM_9Arcsec.tif,B66C0EC63B18E8FC8DBFD4E41201F4AC,600.7100219726562,direct,valid,10098,6790,,TRVs30GeoM_3Arcsec.tif,C0F54FC735ABBEA202C7C6A44E590D82,0.0,0.0,0.0
47,31.48794509554942,37.77970530639941,174.0323028564453,nearest_valid,5324.282150709412,TRVs30GeoM_9Arcsec.tif,B66C0EC63B18E8FC8DBFD4E41201F4AC,180.18142700195312,nearest_valid,nodata,10052,7411,5211.464741296654,TRVs30GeoM_3Arcsec.tif,C0F54FC735ABBEA202C7C6A44E590D82,6.1491241455078125,6.1491241455078125,3.533323437419583
48,32.03544457273861,37.65172965229903,483.4779052734375,direct,,TRVs30GeoM_9Arcsec.tif,B66C0EC63B18E8FC8DBFD4E41201F4AC,479.65362548828125,direct,valid,10076,8152,,TRVs30GeoM_3Arcsec.tif,C0F54FC735ABBEA202C7C6A44E590D82,-3.82427978515625,3.82427978515625,-0.7909937028028978
49,32.581188763067985,37.52062178773912,600.7100219726562,direct,,TRVs30GeoM_9Arcsec.tif,B66C0EC63B18E8FC8DBFD4E41201F4AC,600.7100219726562,direct,valid,10064,8834,,TRVs30GeoM_3Arcsec.tif,C0F54FC735ABBEA202C7C6A44E590D82,0.0,0.0,0.0
50,33.125151069209814,37.38639752145882,537.5999755859375,direct,,TRVs30GeoM_9Arcsec.tif,B66C0EC63B18E8FC8DBFD4E41201F4AC,537.5999755859375,direct,valid,10052,9517,,TRVs30GeoM_3Arcsec.tif,C0F54FC735ABBEA202C7C6A44E590D82,0.0,0.0,0.0
51,33.66730607680735,37.24907284021617,406.625,direct,,TRVs30GeoM_9Arcsec.tif,B66C0EC63B18E8FC8DBFD4E41201F4AC,407.2650451660156,direct,valid,10039,10201,,TRVs30GeoM_3Arcsec.tif,C0F54FC735ABBEA202C7C6A44E590D82,0.640045166015625,0.640045166015625,0.15740428306563173
52,34.20762955599211,37.108663895448274,413.3904724121094,direct,,TRVs30GeoM_9Arcsec.tif,B66C0EC63B18E8FC8DBFD4E41201F4AC,410.68609619140625,direct,valid,10026,10886,,TRVs30GeoM_3Arcsec.tif,C0F54FC735ABBEA202C7C6A44E590D82,-2.704376220703125,2.704376220703125,-0.654194133919741
53,34.74609846159084,36.96518698998718,435.5585021972656,direct,,TRVs30GeoM_9Arcsec.tif,B66C0EC63B18E8FC8DBFD4E41201F4AC,433.2818908691406,direct,valid,10013,11571,,TRVs30GeoM_3Arcsec.tif,C0F54FC735ABBEA202C7C6A44E590D82,-2.276611328125,2.276611328125,-0.522687840241933
54,35.28269093206378,36.81865856484759,254.17575073242188,direct,,TRVs30GeoM_9Arcsec.tif,B66C0EC63B18E8FC8DBFD4E41201F4AC,254.2814178466797,direct,valid,9999,12258,,TRVs30GeoM_3Arcsec.tif,C0F54FC735ABBEA202C7C6A44E590D82,0.1056671142578125,0.1056671142578125,0.041572460769104334
55,36.3501650247302,36.51651353185552,574.7426147460938,direct,,TRVs30GeoM_9Arcsec.tif,B66C0EC63B18E8FC8DBFD4E41201F4AC,618.614013671875,direct,valid,9970,13633,,TRVs30GeoM_3Arcsec.tif,C0F54FC735ABBEA202C7C6A44E590D82,43.87139892578125,43.87139892578125,7.633225342993313
56,27.16429886150565,39.12932169354253,537.5999755859375,direct,,TRVs30GeoM_9Arcsec.tif,B66C0EC63B18E8FC8DBFD4E41201F4AC,537.5999755859375,direct,valid,9491,2021,,TRVs30GeoM_3Arcsec.tif,C0F54FC735ABBEA202C7C6A44E590D82,0.0,0.0,0.0
57,27.728192482780084,39.02615285189753,457.6072692871094,direct,,TRVs30GeoM_9Arcsec.tif,B66C0EC63B18E8FC8DBFD4E41201F4AC,457.75299072265625,direct,valid,9483,2696,,TRVs30GeoM_3Arcsec.tif,C0F54FC735ABBEA202C7C6A44E590D82,0.145721435546875,0.145721435546875,0.03184421343959186
58,28.290542362066432,38.91971166128295,450.2194519042969,direct,,TRVs30GeoM_9Arcsec.tif,B66C0EC63B18E8FC8DBFD4E41201F4AC,450.2488098144531,direct,valid,9475,3372,,TRVs30GeoM_3Arcsec.tif,C0F54FC735ABBEA202C7C6A44E590D82,0.02935791015625,0.02935791015625,0.006520800030312909
59,28.851311815912176,38.810012439872,438.607421875,direct,,TRVs30GeoM_9Arcsec.tif,B66C0EC63B18E8FC8DBFD4E41201F4AC,442.70013427734375,direct,valid,9466,4048,,TRVs30GeoM_3Arcsec.tif,C0F54FC735ABBEA202C7C6A44E590D82,4.09271240234375,4.09271240234375,0.933115172754679
60,29.41046532512941,38.69706979675155,448.17181396484375,direct,,TRVs30GeoM_9Arcsec.tif,B66C0EC63B18E8FC8DBFD4E41201F4AC,447.7154235839844,direct,valid,9456,4725,,TRVs30GeoM_3Arcsec.tif,C0F54FC735ABBEA202C7C6A44E590D82,-0.456390380859375,0.456390380859375,-0.10183379825291199
61,29.96796854805596,38.580898618260015,447.7120666503906,direct,,TRVs30GeoM_9Arcsec.tif,B66C0EC63B18E8FC8DBFD4E41201F4AC,480.494140625,direct,valid,9447,5403,,TRVs30GeoM_3Arcsec.tif,C0F54FC735ABBEA202C7C6A44E590D82,32.782073974609375,32.782073974609375,7.322133222781382
62,30.52378833218374,38.46151405423436,537.5999755859375,direct,,TRVs30GeoM_9Arcsec.tif,B66C0EC63B18E8FC8DBFD4E41201F4AC,537.5999755859375,direct,valid,9437,6081,,TRVs30GeoM_3Arcsec.tif,C0F54FC735ABBEA202C7C6A44E590D82,0.0,0.0,0.0
63,31.07789272417605,38.33893150418781,425.9591369628906,direct,,TRVs30GeoM_9Arcsec.tif,B66C0EC63B18E8FC8DBFD4E41201F4AC,422.1670227050781,direct,valid,9426,6760,,TRVs30GeoM_3Arcsec.tif,C0F54FC735ABBEA202C7C6A44E590D82,-3.7921142578125,3.7921142578125,-0.8902530615613646
64,31.63025097829894,38.21316660343932,357.7516784667969,direct,,TRVs30GeoM_9Arcsec.tif,B66C0EC63B18E8FC8DBFD4E41201F4AC,349.84417724609375,direct,valid,9415,7440,,TRVs30GeoM_3Arcsec.tif,C0F54FC735ABBEA202C7C6A44E590D82,-7.907501220703125,7.907501220703125,-2.2103323888212096
65,32.180833563295366,38.08423520921518,576.5399780273438,direct,,TRVs30GeoM_9Arcsec.tif,B66C0EC63B18E8FC8DBFD4E41201F4AC,576.5399780273438,direct,valid,9404,8120,,TRVs30GeoM_3Arcsec.tif,C0F54FC735ABBEA202C7C6A44E590D82,0.0,0.0,0.0
66,32.729612167733904,37.95215338674287,352.16064453125,direct,,TRVs30GeoM_9Arcsec.tif,B66C0EC63B18E8FC8DBFD4E41201F4AC,353.25726318359375,direct,valid,9393,8802,,TRVs30GeoM_3Arcsec.tif,C0F54FC735ABBEA202C7C6A44E590D82,1.09661865234375,1.09661865234375,0.3113972754688204
67,33.27655970386688,37.816937395356426,412.3872375488281,direct,,TRVs30GeoM_9Arcsec.tif,B66C0EC63B18E8FC8DBFD4E41201F4AC,412.707763671875,direct,valid,9381,9484,,TRVs30GeoM_3Arcsec.tif,C0F54FC735ABBEA202C7C6A44E590D82,0.320526123046875,0.320526123046875,0.07772454961313481
68,33.821650310035366,37.67860367463222,351.2305908203125,direct,,TRVs30GeoM_9Arcsec.tif,B66C0EC63B18E8FC8DBFD4E41201F4AC,347.5035400390625,direct,valid,9368,10167,,TRVs30GeoM_3Arcsec.tif,C0F54FC735ABBEA202C7C6A44E590D82,-3.72705078125,3.72705078125,-1.0611407088845337
69,34.36485935166117,37.53716883057294,433.042724609375,direct,,TRVs30GeoM_9Arcsec.tif,B66C0EC63B18E8FC8DBFD4E41201F4AC,428.799072265625,direct,valid,9355,10850,,TRVs30GeoM_3Arcsec.tif,C0F54FC735ABBEA202C7C6A44E590D82,-4.24365234375,4.24365234375,-0.9799615840626291
70,34.90616342086814,37.39264962185748,600.1805419921875,direct,,TRVs30GeoM_9Arcsec.tif,B66C0EC63B18E8FC8DBFD4E41201F4AC,600.7100219726562,direct,valid,9342,11535,,TRVs30GeoM_3Arcsec.tif,C0F54FC735ABBEA202C7C6A44E590D82,0.52947998046875,0.52947998046875,0.08822011768512852
71,35.445540334777355,37.24506294617298,435.8032836914063,direct,,TRVs30GeoM_9Arcsec.tif,B66C0EC63B18E8FC8DBFD4E41201F4AC,434.94927978515625,direct,valid,9328,12220,,TRVs30GeoM_3Arcsec.tif,C0F54FC735ABBEA202C7C6A44E590D82,-0.8540039062500568,0.8540039062500568,-0.19596087000913462
72,35.982969132522314,37.09442582664533,264.1910400390625,direct,,TRVs30GeoM_9Arcsec.tif,B66C0EC63B18E8FC8DBFD4E41201F4AC,263.48321533203125,direct,valid,9314,12907,,TRVs30GeoM_3Arcsec.tif,C0F54FC735ABBEA202C7C6A44E590D82,-0.70782470703125,0.70782470703125,-0.2679215415203306
73,36.51843007103232,36.94075539838291,600.6758422851562,direct,,TRVs30GeoM_9Arcsec.tif,B66C0EC63B18E8FC8DBFD4E41201F4AC,600.0094604492188,direct,valid,9299,13594,,TRVs30GeoM_3Arcsec.tif,C0F54FC735ABBEA202C7C6A44E590D82,-0.6663818359375,0.6663818359375,-0.11093867757397699
74,37.05190461963332,36.78406889514814,597.0223999023438,direct,,TRVs30GeoM_9Arcsec.tif,B66C0EC63B18E8FC8DBFD4E41201F4AC,600.7100219726562,direct,valid,9284,14282,,TRVs30GeoM_3Arcsec.tif,C0F54FC735ABBEA202C7C6A44E590D82,3.6876220703125,3.6876220703125,0.6176689636629534
75,26.71349486296508,39.66994047687324,576.5399780273438,direct,,TRVs30GeoM_9Arcsec.tif,B66C0EC63B18E8FC8DBFD4E41201F4AC,576.5399780273438,direct,valid,8828,1324,,TRVs30GeoM_3Arcsec.tif,C0F54FC735ABBEA202C7C6A44E590D82,0.0,0.0,0.0
76,27.282445186661697,39.569271083172126,537.5999755859375,direct,,TRVs30GeoM_9Arcsec.tif,B66C0EC63B18E8FC8DBFD4E41201F4AC,537.5999755859375,direct,valid,8820,1998,,TRVs30GeoM_3Arcsec.tif,C0F54FC735ABBEA202C7C6A44E590D82,0.0,0.0,0.0
77,27.849845891918065,39.46529288763372,537.5999755859375,direct,,TRVs30GeoM_9Arcsec.tif,B66C0EC63B18E8FC8DBFD4E41201F4AC,537.5999755859375,direct,valid,8812,2672,,TRVs30GeoM_3Arcsec.tif,C0F54FC735ABBEA202C7C6A44E590D82,0.0,0.0,0.0
78,28.41565823577763,39.3580203257534,595.5006103515625,direct,,TRVs30GeoM_9Arcsec.tif,B66C0EC63B18E8FC8DBFD4E41201F4AC,599.4104614257812,direct,valid,8804,3347,,TRVs30GeoM_3Arcsec.tif,C0F54FC735ABBEA202C7C6A44E590D82,3.90985107421875,3.90985107421875,0.6565654184486078
79,28.979844671420302,39.24746814441138,295.7789306640625,nearest_valid,270.33295009106126,TRVs30GeoM_9Arcsec.tif,B66C0EC63B18E8FC8DBFD4E41201F4AC,156.3563995361328,nearest_valid,outside_model_range,8793,4022,141.6807200464851,TRVs30GeoM_3Arcsec.tif,C0F54FC735ABBEA202C7C6A44E590D82,-139.4225311279297,139.4225311279297,-47.13741131422303
80,29.5423688632149,39.13365138777182,418.7412414550781,direct,,TRVs30GeoM_9Arcsec.tif,B66C0EC63B18E8FC8DBFD4E41201F4AC,414.6470947265625,direct,valid,8786,4699,,TRVs30GeoM_3Arcsec.tif,C0F54FC735ABBEA202C7C6A44E590D82,-4.094146728515625,4.094146728515625,-0.9777271315070213
81,30.10319570002948,39.01658538307148,421.0323486328125,direct,,TRVs30GeoM_9Arcsec.tif,B66C0EC63B18E8FC8DBFD4E41201F4AC,415.0216369628906,direct,valid,8776,5376,,TRVs30GeoM_3Arcsec.tif,C0F54FC735ABBEA202C7C6A44E590D82,-6.010711669921875,6.010711669921875,-1.4276127925657063
82,30.66229130681988,38.89628572632051,576.5399780273438,direct,,TRVs30GeoM_9Arcsec.tif,B66C0EC63B18E8FC8DBFD4E41201F4AC,576.5399780273438,direct,valid,8766,6053,,TRVs30GeoM_3Arcsec.tif,C0F54FC735ABBEA202C7C6A44E590D82,0.0,0.0,0.0
83,31.21962305452092,38.772768267938105,576.5399780273438,direct,,TRVs30GeoM_9Arcsec.tif,B66C0EC63B18E8FC8DBFD4E41201F4AC,576.5399780273438,direct,valid,8756,6731,,TRVs30GeoM_3Arcsec.tif,C0F54FC735ABBEA202C7C6A44E590D82,0.0,0.0,0.0
84,31.77515956826793,38.64604909834551,574.7212524414062,direct,,TRVs30GeoM_9Arcsec.tif,B66C0EC63B18E8FC8DBFD4E41201F4AC,574.7212524414062,direct,valid,8745,7410,,TRVs30GeoM_3Arcsec.tif,C0F54FC735ABBEA202C7C6A44E590D82,0.0,0.0,0.0
85,32.32887073398079,38.51614453353741,400.47369384765625,direct,,TRVs30GeoM_9Arcsec.tif,B66C0EC63B18E8FC8DBFD4E41201F4AC,396.0218505859375,direct,valid,8734,8090,,TRVs30GeoM_3Arcsec.tif,C0F54FC735ABBEA202C7C6A44E590D82,-4.45184326171875,4.45184326171875,-1.1116443676853018
86,32.88072770334502,38.38307110065308,334.0492553710937,direct,,TRVs30GeoM_9Arcsec.tif,B66C0EC63B18E8FC8DBFD4E41201F4AC,334.7865905761719,direct,valid,8722,8770,,TRVs30GeoM_3Arcsec.tif,C0F54FC735ABBEA202C7C6A44E590D82,0.7373352050781818,0.7373352050781818,0.22072649264225414
87,33.43070289722835,38.24684552356719,403.3796691894531,direct,,TRVs30GeoM_9Arcsec.tif,B66C0EC63B18E8FC8DBFD4E41201F4AC,406.149658203125,direct,valid,8710,9451,,TRVs30GeoM_3Arcsec.tif,C0F54FC735ABBEA202C7C6A44E590D82,2.769989013671875,2.769989013671875,0.6866952465001178
88,33.97877000757363,38.107484708520346,426.2925109863281,direct,,TRVs30GeoM_9Arcsec.tif,B66C0EC63B18E8FC8DBFD4E41201F4AC,423.68218994140625,direct,valid,8698,10133,,TRVs30GeoM_3Arcsec.tif,C0F54FC735ABBEA202C7C6A44E590D82,-2.610321044921875,2.610321044921875,-0.6123309646895467
89,34.52490399781175,37.96500572980777,535.904052734375,direct,,TRVs30GeoM_9Arcsec.tif,B66C0EC63B18E8FC8DBFD4E41201F4AC,537.176025390625,direct,valid,8685,10816,,TRVs30GeoM_3Arcsec.tif,C0F54FC735ABBEA202C7C6A44E590D82,1.27197265625,1.27197265625,0.2373508186325404
90,35.06908110184059,37.81942581554456,519.6965942382812,direct,,TRVs30GeoM_9Arcsec.tif,B66C0EC63B18E8FC8DBFD4E41201F4AC,519.1831665039062,direct,valid,8672,11499,,TRVs30GeoM_3Arcsec.tif,C0F54FC735ABBEA202C7C6A44E590D82,-0.513427734375,0.513427734375,-0.09879374621023455
91,35.611278821618285,37.67076233352466,600.7100219726562,direct,,TRVs30GeoM_9Arcsec.tif,B66C0EC63B18E8FC8DBFD4E41201F4AC,600.7100219726562,direct,valid,8658,12184,,TRVs30GeoM_3Arcsec.tif,C0F54FC735ABBEA202C7C6A44E590D82,0.0,0.0,0.0
92,36.15147592342068,37.51903277719032,463.2667541503906,direct,,TRVs30GeoM_9Arcsec.tif,B66C0EC63B18E8FC8DBFD4E41201F4AC,463.8275146484375,direct,valid,8644,12869,,TRVs30GeoM_3Arcsec.tif,C0F54FC735ABBEA202C7C6A44E590D82,0.560760498046875,0.560760498046875,0.1210448392903314
93,36.68965243281496,37.36425475172738,600.7100219726562,direct,,TRVs30GeoM_9Arcsec.tif,B66C0EC63B18E8FC8DBFD4E41201F4AC,600.7100219726562,direct,valid,8629,13556,,TRVs30GeoM_3Arcsec.tif,C0F54FC735ABBEA202C7C6A44E590D82,0.0,0.0,0.0
94,37.22578962840265,37.20644596030164,488.2951354980469,direct,,TRVs30GeoM_9Arcsec.tif,B66C0EC63B18E8FC8DBFD4E41201F4AC,489.0403747558594,direct,valid,8614,14243,,TRVs30GeoM_3Arcsec.tif,C0F54FC735ABBEA202C7C6A44E590D82,0.7452392578125,0.7452392578125,0.15262065984998552
95,37.75987003438628,37.04562419045001,478.5408935546875,direct,,TRVs30GeoM_9Arcsec.tif,B66C0EC63B18E8FC8DBFD4E41201F4AC,472.8306579589844,direct,valid,8598,14931,,TRVs30GeoM_3Arcsec.tif,C0F54FC735ABBEA202C7C6A44E590D82,-5.710235595703125,5.710235595703125,-1.1932596926641883
96,38.821796749967135,36.71501320700875,346.2952880859375,direct,,TRVs30GeoM_9Arcsec.tif,B66C0EC63B18E8FC8DBFD4E41201F4AC,345.7132873535156,direct,valid,8565,16311,,TRVs30GeoM_3Arcsec.tif,C0F54FC735ABBEA202C7C6A44E590D82,-0.582000732421875,0.582000732421875,-0.1680648719301789
97,26.830269986054727,40.11024381602152,537.5999755859375,direct,,TRVs30GeoM_9Arcsec.tif,B66C0EC63B18E8FC8DBFD4E41201F4AC,537.5999755859375,direct,valid,8158,1303,,TRVs30GeoM_3Arcsec.tif,C0F54FC735ABBEA202C7C6A44E590D82,0.0,0.0,0.0
98,27.40283107497407,40.00877234376844,537.5999755859375,direct,,TRVs30GeoM_9Arcsec.tif,B66C0EC63B18E8FC8DBFD4E41201F4AC,537.5999755859375,direct,valid,8150,1976,,TRVs30GeoM_3Arcsec.tif,C0F54FC735ABBEA202C7C6A44E590D82,0.0,0.0,0.0
99,27.97379735386537,39.903969276608166,537.5999755859375,direct,,TRVs30GeoM_9Arcsec.tif,B66C0EC63B18E8FC8DBFD4E41201F4AC,537.5999755859375,direct,valid,8142,2649,,TRVs30GeoM_3Arcsec.tif,C0F54FC735ABBEA202C7C6A44E590D82,0.0,0.0,0.0
100,28.543129149689825,39.795849486245295,600.7100219726562,direct,,TRVs30GeoM_9Arcsec.tif,B66C0EC63B18E8FC8DBFD4E41201F4AC,599.8543701171875,direct,valid,8134,3323,,TRVs30GeoM_3Arcsec.tif,C0F54FC735ABBEA202C7C6A44E590D82,-0.85565185546875,0.85565185546875,-0.14244008326328514
101,29.11078803463584,39.68442816279457,619.1500244140625,direct,,TRVs30GeoM_9Arcsec.tif,B66C0EC63B18E8FC8DBFD4E41201F4AC,619.1500244140625,direct,valid,8125,3998,,TRVs30GeoM_3Arcsec.tif,C0F54FC735ABBEA202C7C6A44E590D82,0.0,0.0,0.0
102,29.676736841292104,39.569720800102296,419.533203125,direct,,TRVs30GeoM_9Arcsec.tif,B66C0EC63B18E8FC8DBFD4E41201F4AC,420.2923889160156,direct,valid,8116,4673,,TRVs30GeoM_3Arcsec.tif,C0F54FC735ABBEA202C7C6A44E590D82,0.759185791015625,0.759185791015625,0.1809596440426255
103,30.24093967598165,39.45174318095948,576.5399780273438,direct,,TRVs30GeoM_9Arcsec.tif,B66C0EC63B18E8FC8DBFD4E41201F4AC,576.5399780273438,direct,valid,8107,5349,,TRVs30GeoM_3Arcsec.tif,C0F54FC735ABBEA202C7C6A44E590D82,0.0,0.0,0.0
104,30.80336193028008,39.33051136223099,576.5399780273438,direct,,TRVs30GeoM_9Arcsec.tif,B66C0EC63B18E8FC8DBFD4E41201F4AC,576.5399780273438,direct,valid,8097,6026,,TRVs30GeoM_3Arcsec.tif,C0F54FC735ABBEA202C7C6A44E590D82,0.0,0.0,0.0
105,31.36397029074492,39.2060416599246,412.9768981933594,direct,,TRVs30GeoM_9Arcsec.tif,B66C0EC63B18E8FC8DBFD4E41201F4AC,414.0511169433594,direct,valid,8087,6703,,TRVs30GeoM_3Arcsec.tif,C0F54FC735ABBEA202C7C6A44E590D82,1.07421875,1.07421875,0.2601159422474623
106,31.92273274688748,39.078350634223085,425.2662658691406,direct,,TRVs30GeoM_9Arcsec.tif,B66C0EC63B18E8FC8DBFD4E41201F4AC,426.03961181640625,direct,valid,8076,7381,,TRVs30GeoM_3Arcsec.tif,C0F54FC735ABBEA202C7C6A44E590D82,0.773345947265625,0.773345947265625,0.18184982194275257
107,32.479618597422046,38.94745507450225,517.856689453125,direct,,TRVs30GeoM_9Arcsec.tif,B66C0EC63B18E8FC8DBFD4E41201F4AC,525.0450439453125,direct,valid,8065,8060,,TRVs30GeoM_3Arcsec.tif,C0F54FC735ABBEA202C7C6A44E590D82,7.1883544921875,7.1883544921875,1.3880972552036852
108,33.034598454831034,38.81337198435645,340.7968139648437,direct,,TRVs30GeoM_9Arcsec.tif,B66C0EC63B18E8FC8DBFD4E41201F4AC,340.7940673828125,direct,valid,8053,8739,,TRVs30GeoM_3Arcsec.tif,C0F54FC735ABBEA202C7C6A44E590D82,-0.0027465820311931566,0.0027465820311931566,-0.0008059294918985045
109,33.587644248287745,38.67611856665329,285.192626953125,nearest_valid,7004.6779899862295,TRVs30GeoM_9Arcsec.tif,B66C0EC63B18E8FC8DBFD4E41201F4AC,160.08177185058594,nearest_valid,nodata,7987,9493,6875.29622842263,TRVs30GeoM_3Arcsec.tif,C0F54FC735ABBEA202C7C6A44E590D82,-125.11085510253906,125.11085510253906,-43.86889536351955
110,34.13872922498166,38.53571220863781,619.1500244140625,direct,,TRVs30GeoM_9Arcsec.tif,B66C0EC63B18E8FC8DBFD4E41201F4AC,619.1500244140625,direct,valid,8029,10101,,TRVs30GeoM_3Arcsec.tif,C0F54FC735ABBEA202C7C6A44E590D82,0.0,0.0,0.0
111,34.687827949893595,38.392170467105785,360.6438293457031,direct,,TRVs30GeoM_9Arcsec.tif,B66C0EC63B18E8FC8DBFD4E41201F4AC,359.8777770996094,direct,valid,8017,10782,,TRVs30GeoM_3Arcsec.tif,C0F54FC735ABBEA202C7C6A44E590D82,-0.76605224609375,0.76605224609375,-0.2124124090750583
112,35.234916304070964,38.24551105366531,339.58758544921875,direct,,TRVs30GeoM_9Arcsec.tif,B66C0EC63B18E8FC8DBFD4E41201F4AC,344.8053283691406,direct,valid,8003,11465,,TRVs30GeoM_3Arcsec.tif,C0F54FC735ABBEA202C7C6A44E590D82,5.217742919921875,5.217742919921875,1.5364940131776772
113,35.779971481455135,38.09575182010447,600.7100219726562,direct,,TRVs30GeoM_9Arcsec.tif,B66C0EC63B18E8FC8DBFD4E41201F4AC,600.7100219726562,direct,valid,7990,12149,,TRVs30GeoM_3Arcsec.tif,C0F54FC735ABBEA202C7C6A44E590D82,0.0,0.0,0.0
114,36.32297198431528,37.94291074388236,576.5399780273438,direct,,TRVs30GeoM_9Arcsec.tif,B66C0EC63B18E8FC8DBFD4E41201F4AC,576.5399780273438,direct,valid,7976,12833,,TRVs30GeoM_3Arcsec.tif,C0F54FC735ABBEA202C7C6A44E590D82,0.0,0.0,0.0
115,36.86389761734446,37.787005913759856,469.52392578125,direct,,TRVs30GeoM_9Arcsec.tif,B66C0EC63B18E8FC8DBFD4E41201F4AC,469.7439880371094,direct,valid,7961,13519,,TRVs30GeoM_3Arcsec.tif,C0F54FC735ABBEA202C7C6A44E590D82,0.220062255859375,0.220062255859375,0.046869231529193985
116,37.40272948047536,37.628055515585366,464.0740661621094,direct,,TRVs30GeoM_9Arcsec.tif,B66C0EC63B18E8FC8DBFD4E41201F4AC,464.3563232421875,direct,valid,7946,14205,,TRVs30GeoM_3Arcsec.tif,C0F54FC735ABBEA202C7C6A44E590D82,0.282257080078125,0.282257080078125,0.06082155859567631
117,37.93944996047414,37.46607781825019,458.1355895996094,direct,,TRVs30GeoM_9Arcsec.tif,B66C0EC63B18E8FC8DBFD4E41201F4AC,460.4999084472656,direct,valid,7930,14892,,TRVs30GeoM_3Arcsec.tif,C0F54FC735ABBEA202C7C6A44E590D82,2.36431884765625,2.36431884765625,0.5160740403779942
118,38.4740427213721,37.30109115982695,451.1153564453125,direct,,TRVs30GeoM_9Arcsec.tif,B66C0EC63B18E8FC8DBFD4E41201F4AC,450.7371826171875,direct,valid,7914,15580,,TRVs30GeoM_3Arcsec.tif,C0F54FC735ABBEA202C7C6A44E590D82,-0.378173828125,0.378173828125,-0.08383084785783501
119,39.006492693795046,37.13311393390367,325.7251281738281,direct,,TRVs30GeoM_9Arcsec.tif,B66C0EC63B18E8FC8DBFD4E41201F4AC,322.2624816894531,direct,valid,7898,16270,,TRVs30GeoM_3Arcsec.tif,C0F54FC735ABBEA202C7C6A44E590D82,-3.462646484375,3.462646484375,-1.0630578315490313
120,39.5367860632515,36.96216457612552,418.7761840820313,direct,,TRVs30GeoM_9Arcsec.tif,B66C0EC63B18E8FC8DBFD4E41201F4AC,418.32916259765625,direct,valid,7881,16960,,TRVs30GeoM_3Arcsec.tif,C0F54FC735ABBEA202C7C6A44E590D82,-0.44702148437505684,0.44702148437505684,-0.1067447245967294
121,26.371447394800388,40.64903459878373,407.2633056640625,direct,,TRVs30GeoM_9Arcsec.tif,B66C0EC63B18E8FC8DBFD4E41201F4AC,405.83905029296875,direct,valid,7497,611,,TRVs30GeoM_3Arcsec.tif,C0F54FC735ABBEA202C7C6A44E590D82,-1.42425537109375,1.42425537109375,-0.3497136499374607
122,28.100104579748663,40.3421823053369,576.5399780273438,direct,,TRVs30GeoM_9Arcsec.tif,B66C0EC63B18E8FC8DBFD4E41201F4AC,576.5399780273438,direct,valid,7474,2627,,TRVs30GeoM_3Arcsec.tif,C0F54FC735ABBEA202C7C6A44E590D82,0.0,0.0,0.0
123,28.67301389143944,40.23319904164602,434.624755859375,direct,,TRVs30GeoM_9Arcsec.tif,B66C0EC63B18E8FC8DBFD4E41201F4AC,430.1071472167969,direct,valid,7465,3301,,TRVs30GeoM_3Arcsec.tif,C0F54FC735ABBEA202C7C6A44E590D82,-4.517608642578125,4.517608642578125,-1.0394273638751999
124,29.244201706086056,40.120892001998726,576.5399780273438,direct,,TRVs30GeoM_9Arcsec.tif,B66C0EC63B18E8FC8DBFD4E41201F4AC,576.5399780273438,direct,valid,7457,3974,,TRVs30GeoM_3Arcsec.tif,C0F54FC735ABBEA202C7C6A44E590D82,0.0,0.0,0.0
125,29.81363000912616,40.00527714511901,425.595458984375,direct,,TRVs30GeoM_9Arcsec.tif,B66C0EC63B18E8FC8DBFD4E41201F4AC,421.53973388671875,direct,valid,7448,4649,,TRVs30GeoM_3Arcsec.tif,C0F54FC735ABBEA202C7C6A44E590D82,-4.05572509765625,4.05572509765625,-0.9529530947850524
126,30.38126211134988,39.88637072459324,608.7828369140625,direct,,TRVs30GeoM_9Arcsec.tif,B66C0EC63B18E8FC8DBFD4E41201F4AC,613.5762329101562,direct,valid,7438,5324,,TRVs30GeoM_3Arcsec.tif,C0F54FC735ABBEA202C7C6A44E590D82,4.79339599609375,4.79339599609375,0.787373707904055
127,30.94706266031314,39.76418927340092,343.2217102050781,direct,,TRVs30GeoM_9Arcsec.tif,B66C0EC63B18E8FC8DBFD4E41201F4AC,343.1845397949219,direct,valid,7429,6000,,TRVs30GeoM_3Arcsec.tif,C0F54FC735ABBEA202C7C6A44E590D82,-0.03717041015625,0.03717041015625,-0.010829854013034414
128,31.51099764986585,39.638749588390894,619.1500244140625,direct,,TRVs30GeoM_9Arcsec.tif,B66C0EC63B18E8FC8DBFD4E41201F4AC,619.1500244140625,direct,valid,7419,6676,,TRVs30GeoM_3Arcsec.tif,C0F54FC735ABBEA202C7C6A44E590D82,0.0,0.0,0.0
129,32.073034427829406,39.510068714727474,428.2435302734375,direct,,TRVs30GeoM_9Arcsec.tif,B66C0EC63B18E8FC8DBFD4E41201F4AC,426.8257141113281,direct,valid,7408,7353,,TRVs30GeoM_3Arcsec.tif,C0F54FC735ABBEA202C7C6A44E590D82,-1.417816162109375,1.417816162109375,-0.331077076915578
130,32.63314170186223,39.37816393033035,499.3263854980469,direct,,TRVs30GeoM_9Arcsec.tif,B66C0EC63B18E8FC8DBFD4E41201F4AC,502.8563537597656,direct,valid,7397,8031,,TRVs30GeoM_3Arcsec.tif,C0F54FC735ABBEA202C7C6A44E590D82,3.52996826171875,3.52996826171875,0.7069460705942522
131,33.1912895435556,39.24305273033106,442.8170776367188,direct,,TRVs30GeoM_9Arcsec.tif,B66C0EC63B18E8FC8DBFD4E41201F4AC,461.03009033203125,direct,valid,7386,8710,,TRVs30GeoM_3Arcsec.tif,C0F54FC735ABBEA202C7C6A44E590D82,18.213012695312443,18.213012695312443,4.112987871315603
132,33.747449390805635,39.10475281156865,191.27317810058597,nearest_valid,1381.0076061140237,TRVs30GeoM_9Arcsec.tif,B66C0EC63B18E8FC8DBFD4E41201F4AC,152.6945343017578,nearest_valid,nodata,7362,9402,1331.3781991282967,TRVs30GeoM_3Arcsec.tif,C0F54FC735ABBEA202C7C6A44E590D82,-38.57864379882815,38.57864379882815,-20.169395511659545
133,34.30159404851024,38.96328205714568,500.1455078125,direct,,TRVs30GeoM_9Arcsec.tif,B66C0EC63B18E8FC8DBFD4E41201F4AC,486.26995849609375,direct,valid,7362,10069,,TRVs30GeoM_3Arcsec.tif,C0F54FC735ABBEA202C7C6A44E590D82,-13.87554931640625,13.87554931640625,-2.774302497905883
134,34.85369768764283,38.81865852106536,534.3407592773438,direct,,TRVs30GeoM_9Arcsec.tif,B66C0EC63B18E8FC8DBFD4E41201F4AC,512.4321899414062,direct,valid,7349,10750,,TRVs30GeoM_3Arcsec.tif,C0F54FC735ABBEA202C7C6A44E590D82,-21.9085693359375,21.9085693359375,-4.10011195207478
135,35.40373584275705,38.67090041296952,537.5999755859375,direct,,TRVs30GeoM_9Arcsec.tif,B66C0EC63B18E8FC8DBFD4E41201F4AC,537.5999755859375,direct,valid,7336,11432,,TRVs30GeoM_3Arcsec.tif,C0F54FC735ABBEA202C7C6A44E590D82,0.0,0.0,0.0
136,35.951685407979305,38.52002608299594,537.5999755859375,direct,,TRVs30GeoM_9Arcsec.tif,B66C0EC63B18E8FC8DBFD4E41201F4AC,537.5999755859375,direct,valid,7323,12115,,TRVs30GeoM_3Arcsec.tif,C0F54FC735ABBEA202C7C6A44E590D82,0.0,0.0,0.0
137,36.49752463154753,38.36605400677348,600.7100219726562,direct,,TRVs30GeoM_9Arcsec.tif,B66C0EC63B18E8FC8DBFD4E41201F4AC,600.7100219726562,direct,valid,7309,12798,,TRVs30GeoM_3Arcsec.tif,C0F54FC735ABBEA202C7C6A44E590D82,0.0,0.0,0.0
138,37.04123310895654,38.20900277057115,576.5294799804688,direct,,TRVs30GeoM_9Arcsec.tif,B66C0EC63B18E8FC8DBFD4E41201F4AC,572.4439697265625,direct,valid,7294,13483,,TRVs30GeoM_3Arcsec.tif,C0F54FC735ABBEA202C7C6A44E590D82,-4.08551025390625,4.08551025390625,-0.7086385684986405
139,37.58279177477196,38.0488910566178,576.5399780273438,direct,,TRVs30GeoM_9Arcsec.tif,B66C0EC63B18E8FC8DBFD4E41201F4AC,576.544189453125,direct,valid,7279,14168,,TRVs30GeoM_3Arcsec.tif,C0F54FC735ABBEA202C7C6A44E590D82,0.00421142578125,0.00421142578125,0.0007304655256795156
140,38.122182893175335,37.88573762860676,619.1500244140625,direct,,TRVs30GeoM_9Arcsec.tif,B66C0EC63B18E8FC8DBFD4E41201F4AC,619.1500244140625,direct,valid,7264,14854,,TRVs30GeoM_3Arcsec.tif,C0F54FC735ABBEA202C7C6A44E590D82,0.0,0.0,0.0
141,38.65939004730469,37.71956131739987,420.077880859375,direct,,TRVs30GeoM_9Arcsec.tif,B66C0EC63B18E8FC8DBFD4E41201F4AC,425.3072509765625,direct,valid,7248,15542,,TRVs30GeoM_3Arcsec.tif,C0F54FC735ABBEA202C7C6A44E590D82,5.2293701171875,5.2293701171875,1.2448572884841038
142,39.194398127454846,37.55038100694362,537.5999755859375,direct,,TRVs30GeoM_9Arcsec.tif,B66C0EC63B18E8FC8DBFD4E41201F4AC,537.3173217773438,direct,valid,7231,16230,,TRVs30GeoM_3Arcsec.tif,C0F54FC735ABBEA202C7C6A44E590D82,-0.28265380859375,0.28265380859375,-0.05257697571241177
143,39.72719331820265,37.3782156204095,530.8634643554688,direct,,TRVs30GeoM_9Arcsec.tif,B66C0EC63B18E8FC8DBFD4E41201F4AC,530.81640625,direct,valid,7214,16919,,TRVs30GeoM_3Arcsec.tif,C0F54FC735ABBEA202C7C6A44E590D82,-0.04705810546875,0.04705810546875,-0.008864446063524852
144,40.2577630845222,37.20308410656944,528.6494140625,direct,,TRVs30GeoM_9Arcsec.tif,B66C0EC63B18E8FC8DBFD4E41201F4AC,516.1246337890625,direct,valid,7197,17610,,TRVs30GeoM_3Arcsec.tif,C0F54FC735ABBEA202C7C6A44E590D82,-12.5247802734375,12.5247802734375,-2.3692034721439694
145,26.488968088567013,41.08928448177223,243.0297088623047,direct,,TRVs30GeoM_9Arcsec.tif,B66C0EC63B18E8FC8DBFD4E41201F4AC,242.7376251220703,direct,valid,6829,592,,TRVs30GeoM_3Arcsec.tif,C0F54FC735ABBEA202C7C6A44E590D82,-0.292083740234375,0.292083740234375,-0.12018437647055868
146,27.07058243420781,40.98955554528828,324.740478515625,direct,,TRVs30GeoM_9Arcsec.tif,B66C0EC63B18E8FC8DBFD4E41201F4AC,323.5298767089844,direct,valid,6822,1262,,TRVs30GeoM_3Arcsec.tif,C0F54FC735ABBEA202C7C6A44E590D82,-1.210601806640625,1.210601806640625,-0.3727905471391293
147,29.380147541154155,40.556858879095685,537.5999755859375,direct,,TRVs30GeoM_9Arcsec.tif,B66C0EC63B18E8FC8DBFD4E41201F4AC,537.5999755859375,direct,valid,6790,3951,,TRVs30GeoM_3Arcsec.tif,C0F54FC735ABBEA202C7C6A44E590D82,0.0,0.0,0.0
148,29.953111188266483,40.44031923175131,383.7698059082031,direct,,TRVs30GeoM_9Arcsec.tif,B66C0EC63B18E8FC8DBFD4E41201F4AC,386.5491943359375,direct,valid,6781,4625,,TRVs30GeoM_3Arcsec.tif,C0F54FC735ABBEA202C7C6A44E590D82,2.779388427734375,2.779388427734375,0.7242332213074623
149,30.5242267272893,40.32046641172607,600.7100219726562,direct,,TRVs30GeoM_9Arcsec.tif,B66C0EC63B18E8FC8DBFD4E41201F4AC,600.7100219726562,direct,valid,6772,5299,,TRVs30GeoM_3Arcsec.tif,C0F54FC735ABBEA202C7C6A44E590D82,0.0,0.0,0.0
150,31.09345805137606,40.19731744397758,535.0223999023438,direct,,TRVs30GeoM_9Arcsec.tif,B66C0EC63B18E8FC8DBFD4E41201F4AC,535.0150146484375,direct,valid,6762,5974,,TRVs30GeoM_3Arcsec.tif,C0F54FC735ABBEA202C7C6A44E590D82,-0.00738525390625,0.00738525390625,-0.001380363496481271
151,31.660770453715006,40.07088962204292,304.8576965332031,direct,,TRVs30GeoM_9Arcsec.tif,B66C0EC63B18E8FC8DBFD4E41201F4AC,285.0708923339844,direct,valid,6752,6650,,TRVs30GeoM_3Arcsec.tif,C0F54FC735ABBEA202C7C6A44E590D82,-19.78680419921875,19.78680419921875,-6.490505053417177
152,32.22613063486308,39.94120049187214,600.7100219726562,direct,,TRVs30GeoM_9Arcsec.tif,B66C0EC63B18E8FC8DBFD4E41201F4AC,600.7100219726562,direct,valid,6742,7326,,TRVs30GeoM_3Arcsec.tif,C0F54FC735ABBEA202C7C6A44E590D82,0.0,0.0,0.0
153,32.78950670817389,39.80826783566438,545.1306762695312,direct,,TRVs30GeoM_9Arcsec.tif,B66C0EC63B18E8FC8DBFD4E41201F4AC,543.5369262695312,direct,valid,6731,8003,,TRVs30GeoM_3Arcsec.tif,C0F54FC735ABBEA202C7C6A44E590D82,-1.59375,1.59375,-0.29236109237264707
154,33.350868203365806,39.67210965573072,449.58001708984375,direct,,TRVs30GeoM_9Arcsec.tif,B66C0EC63B18E8FC8DBFD4E41201F4AC,443.4426574707031,direct,valid,6720,8681,,TRVs30GeoM_3Arcsec.tif,C0F54FC735ABBEA202C7C6A44E590D82,-6.137359619140625,6.137359619140625,-1.3651317642781573
155,33.91018606828075,39.53274415840682,476.3794555664063,direct,,TRVs30GeoM_9Arcsec.tif,B66C0EC63B18E8FC8DBFD4E41201F4AC,478.2244567871094,direct,valid,6708,9360,,TRVs30GeoM_3Arcsec.tif,C0F54FC735ABBEA202C7C6A44E590D82,1.8450012207030682,1.8450012207030682,0.3872965551189432
156,34.467432668886644,39.3901897380382,402.7200012207031,direct,,TRVs30GeoM_9Arcsec.tif,B66C0EC63B18E8FC8DBFD4E41201F4AC,398.687744140625,direct,valid,6696,10039,,TRVs30GeoM_3Arcsec.tif,C0F54FC735ABBEA202C7C6A44E590D82,-4.032257080078125,4.032257080078125,-1.0012557280134498
157,35.02258178758028,39.24446496105929,492.7139892578125,direct,,TRVs30GeoM_9Arcsec.tif,B66C0EC63B18E8FC8DBFD4E41201F4AC,492.3923645019531,direct,valid,6683,10719,,TRVs30GeoM_3Arcsec.tif,C0F54FC735ABBEA202C7C6A44E590D82,-0.321624755859375,0.321624755859375,-0.06527615673016439
158,35.575608619849234,39.09558855018729,430.0249938964844,direct,,TRVs30GeoM_9Arcsec.tif,B66C0EC63B18E8FC8DBFD4E41201F4AC,428.3100280761719,direct,valid,6670,11400,,TRVs30GeoM_3Arcsec.tif,C0F54FC735ABBEA202C7C6A44E590D82,-1.7149658203125,1.7149658203125,-0.3988060797985446
159,36.126489769354585,38.94357936874966,495.9154052734375,direct,,TRVs30GeoM_9Arcsec.tif,B66C0EC63B18E8FC8DBFD4E41201F4AC,496.2953186035156,direct,valid,6657,12082,,TRVs30GeoM_3Arcsec.tif,C0F54FC735ABBEA202C7C6A44E590D82,0.379913330078125,0.379913330078125,0.07660849532767562
160,36.67520324149756,38.78845640516469,619.1500244140625,direct,,TRVs30GeoM_9Arcsec.tif,B66C0EC63B18E8FC8DBFD4E41201F4AC,619.1500244140625,direct,valid,6643,12764,,TRVs30GeoM_3Arcsec.tif,C0F54FC735ABBEA202C7C6A44E590D82,0.0,0.0,0.0
161,37.22172843553528,38.63023875759182,446.1104431152344,direct,,TRVs30GeoM_9Arcsec.tif,B66C0EC63B18E8FC8DBFD4E41201F4AC,444.8823547363281,direct,valid,6629,13448,,TRVs30GeoM_3Arcsec.tif,C0F54FC735ABBEA202C7C6A44E590D82,-1.22808837890625,1.22808837890625,-0.27528796912495135
162,37.76604613531235,38.46894561876885,560.0208129882812,direct,,TRVs30GeoM_9Arcsec.tif,B66C0EC63B18E8FC8DBFD4E41201F4AC,577.5000610351562,direct,valid,6614,14132,,TRVs30GeoM_3Arcsec.tif,C0F54FC735ABBEA202C7C6A44E590D82,17.479248046875,17.479248046875,3.1211782922147866
163,38.30813849867578,38.30459626105106,502.46868896484375,direct,,TRVs30GeoM_9Arcsec.tif,B66C0EC63B18E8FC8DBFD4E41201F4AC,502.34588623046875,direct,valid,6599,14818,,TRVs30GeoM_3Arcsec.tif,C0F54FC735ABBEA202C7C6A44E590D82,-0.122802734375,0.122802734375,-0.02443987796095134
164,38.84798904564202,38.13721002166683,576.5399780273438,direct,,TRVs30GeoM_9Arcsec.tif,B66C0EC63B18E8FC8DBFD4E41201F4AC,576.5399780273438,direct,valid,6583,15504,,TRVs30GeoM_3Arcsec.tif,C0F54FC735ABBEA202C7C6A44E590D82,0.0,0.0,0.0
165,39.385582645385306,37.96680628820294,537.5999755859375,direct,,TRVs30GeoM_9Arcsec.tif,B66C0EC63B18E8FC8DBFD4E41201F4AC,537.5999755859375,direct,valid,6566,16191,,TRVs30GeoM_3Arcsec.tif,C0F54FC735ABBEA202C7C6A44E590D82,0.0,0.0,0.0
166,39.92090550211677,37.7934044843319,535.904052734375,direct,,TRVs30GeoM_9Arcsec.tif,B66C0EC63B18E8FC8DBFD4E41201F4AC,535.904052734375,direct,valid,6549,16880,,TRVs30GeoM_3Arcsec.tif,C0F54FC735ABBEA202C7C6A44E590D82,0.0,0.0,0.0
167,40.45394513992413,37.61702405579266,505.2450866699219,direct,,TRVs30GeoM_9Arcsec.tif,B66C0EC63B18E8FC8DBFD4E41201F4AC,495.7658996582031,direct,valid,6532,17569,,TRVs30GeoM_3Arcsec.tif,C0F54FC735ABBEA202C7C6A44E590D82,-9.47918701171875,9.47918701171875,-1.8761561986077326
168,40.98469038664149,37.43768445663451,491.2444763183594,direct,,TRVs30GeoM_9Arcsec.tif,B66C0EC63B18E8FC8DBFD4E41201F4AC,494.5308837890625,direct,valid,6514,18260,,TRVs30GeoM_3Arcsec.tif,C0F54FC735ABBEA202C7C6A44E590D82,3.286407470703125,3.286407470703125,0.6689963203928857
169,41.51313135681831,37.25540513573389,488.5272216796875,direct,,TRVs30GeoM_9Arcsec.tif,B66C0EC63B18E8FC8DBFD4E41201F4AC,489.94024658203125,direct,valid,6495,18951,,TRVs30GeoM_3Arcsec.tif,C0F54FC735ABBEA202C7C6A44E590D82,1.41302490234375,1.41302490234375,0.2892417944460478
170,26.60877510208489,41.52911975891151,374.2494201660156,direct,,TRVs30GeoM_9Arcsec.tif,B66C0EC63B18E8FC8DBFD4E41201F4AC,371.8243408203125,direct,valid,6163,573,,TRVs30GeoM_3Arcsec.tif,C0F54FC735ABBEA202C7C6A44E590D82,-2.425079345703125,2.425079345703125,-0.6479847970445403
171,27.19423644754487,41.42856530103737,393.7810974121094,direct,,TRVs30GeoM_9Arcsec.tif,B66C0EC63B18E8FC8DBFD4E41201F4AC,391.9964294433594,direct,valid,6156,1243,,TRVs30GeoM_3Arcsec.tif,C0F54FC735ABBEA202C7C6A44E590D82,-1.78466796875,1.78466796875,-0.45321321426514943
172,27.778001842368653,41.32459277417623,392.4464416503906,direct,,TRVs30GeoM_9Arcsec.tif,B66C0EC63B18E8FC8DBFD4E41201F4AC,394.1825866699219,direct,valid,6148,1914,,TRVs30GeoM_3Arcsec.tif,C0F54FC735ABBEA202C7C6A44E590D82,1.73614501953125,1.73614501953125,0.4423903073831124
173,28.360027310851105,41.21721809479402,349.6066589355469,direct,,TRVs30GeoM_9Arcsec.tif,B66C0EC63B18E8FC8DBFD4E41201F4AC,346.375,direct,valid,6140,2585,,TRVs30GeoM_3Arcsec.tif,C0F54FC735ABBEA202C7C6A44E590D82,-3.231658935546875,3.231658935546875,-0.924369960625567
174,28.94027026737205,41.1064575358912,594.7554321289062,direct,,TRVs30GeoM_9Arcsec.tif,B66C0EC63B18E8FC8DBFD4E41201F4AC,572.4337768554688,direct,valid,6132,3257,,TRVs30GeoM_3Arcsec.tif,C0F54FC735ABBEA202C7C6A44E590D82,-22.3216552734375,22.3216552734375,-3.753081362121892
175,29.51868953397133,40.99232771054403,600.7100219726562,direct,,TRVs30GeoM_9Arcsec.tif,B66C0EC63B18E8FC8DBFD4E41201F4AC,600.7100219726562,direct,valid,6124,3929,,TRVs30GeoM_3Arcsec.tif,C0F54FC735ABBEA202C7C6A44E590D82,0.0,0.0,0.0
176,30.095245355730786,40.87484555531893,471.40081787109375,direct,,TRVs30GeoM_9Arcsec.tif,B66C0EC63B18E8FC8DBFD4E41201F4AC,471.5147705078125,direct,valid,6115,4602,,TRVs30GeoM_3Arcsec.tif,C0F54FC735ABBEA202C7C6A44E590D82,0.11395263671875,0.11395263671875,0.02417319452973685
177,30.66989941399068,40.75402831358981,283.1601257324219,direct,,TRVs30GeoM_9Arcsec.tif,B66C0EC63B18E8FC8DBFD4E41201F4AC,282.9564514160156,direct,valid,6106,5276,,TRVs30GeoM_3Arcsec.tif,C0F54FC735ABBEA202C7C6A44E590D82,-0.20367431640625,0.20367431640625,-0.0719290245684932
178,31.24261483743329,40.62989351878622,600.7100219726562,direct,,TRVs30GeoM_9Arcsec.tif,B66C0EC63B18E8FC8DBFD4E41201F4AC,600.7100219726562,direct,valid,6096,5950,,TRVs30GeoM_3Arcsec.tif,C0F54FC735ABBEA202C7C6A44E590D82,0.0,0.0,0.0
179,31.81335621107146,40.50245897760074,537.5999755859375,direct,,TRVs30GeoM_9Arcsec.tif,B66C0EC63B18E8FC8DBFD4E41201F4AC,537.5999755859375,direct,valid,6086,6625,,TRVs30GeoM_3Arcsec.tif,C0F54FC735ABBEA202C7C6A44E590D82,0.0,0.0,0.0
180,32.38208958318474,40.37174275318224,525.3312377929688,direct,,TRVs30GeoM_9Arcsec.tif,B66C0EC63B18E8FC8DBFD4E41201F4AC,537.5924072265625,direct,valid,6076,7300,,TRVs30GeoM_3Arcsec.tif,C0F54FC735ABBEA202C7C6A44E590D82,12.26116943359375,12.26116943359375,2.333988263310897
181,32.948782470250165,40.23776314834132,600.7100219726562,direct,,TRVs30GeoM_9Arcsec.tif,B66C0EC63B18E8FC8DBFD4E41201F4AC,600.7100219726562,direct,valid,6065,7976,,TRVs30GeoM_3Arcsec.tif,C0F54FC735ABBEA202C7C6A44E590D82,0.0,0.0,0.0
182,33.513403859918775,40.10053868879341,600.7100219726562,direct,,TRVs30GeoM_9Arcsec.tif,B66C0EC63B18E8FC8DBFD4E41201F4AC,600.7100219726562,direct,valid,6054,8653,,TRVs30GeoM_3Arcsec.tif,C0F54FC735ABBEA202C7C6A44E590D82,0.0,0.0,0.0
183,34.075924212092694,39.96008810646402,498.0765686035156,direct,,TRVs30GeoM_9Arcsec.tif,B66C0EC63B18E8FC8DBFD4E41201F4AC,503.08624267578125,direct,valid,6043,9331,,TRVs30GeoM_3Arcsec.tif,C0F54FC735ABBEA202C7C6A44E590D82,5.009674072265625,5.009674072265625,1.0058040044548815
184,34.636315458161214,39.81643032287921,437.4578552246094,direct,,TRVs30GeoM_9Arcsec.tif,B66C0EC63B18E8FC8DBFD4E41201F4AC,437.621826171875,direct,valid,6031,10009,,TRVs30GeoM_3Arcsec.tif,C0F54FC735ABBEA202C7C6A44E590D82,0.163970947265625,0.163970947265625,0.03748268440200608
185,35.194550998457146,39.66958443266434,616.9863891601562,direct,,TRVs30GeoM_9Arcsec.tif,B66C0EC63B18E8FC8DBFD4E41201F4AC,617.5223999023438,direct,valid,6019,10689,,TRVs30GeoM_3Arcsec.tif,C0F54FC735ABBEA202C7C6A44E590D82,0.5360107421875,0.5360107421875,0.08687561858813765
186,35.75060569799753,39.51956968717203,576.5399780273438,direct,,TRVs30GeoM_9Arcsec.tif,B66C0EC63B18E8FC8DBFD4E41201F4AC,576.5399780273438,direct,valid,6006,11369,,TRVs30GeoM_3Arcsec.tif,C0F54FC735ABBEA202C7C6A44E590D82,0.0,0.0,0.0
187,36.30445588057545,39.366405478259885,448.3022155761719,direct,,TRVs30GeoM_9Arcsec.tif,B66C0EC63B18E8FC8DBFD4E41201F4AC,454.47149658203125,direct,valid,5992,12050,,TRVs30GeoM_3Arcsec.tif,C0F54FC735ABBEA202C7C6A44E590D82,6.169281005859375,6.169281005859375,1.3761433228542992
188,36.85607932127117,39.21011132223724,441.9340515136719,direct,,TRVs30GeoM_9Arcsec.tif,B66C0EC63B18E8FC8DBFD4E41201F4AC,441.4461364746094,direct,valid,5979,12731,,TRVs30GeoM_3Arcsec.tif,C0F54FC735ABBEA202C7C6A44E590D82,-0.4879150390625,0.4879150390625,-0.11040449075859583
189,37.4054552374532,39.050706843999045,464.6650695800781,direct,,TRVs30GeoM_9Arcsec.tif,B66C0EC63B18E8FC8DBFD4E41201F4AC,456.03594970703125,direct,valid,5964,13414,,TRVs30GeoM_3Arcsec.tif,C0F54FC735ABBEA202C7C6A44E590D82,-8.629119873046875,8.629119873046875,-1.857062309599705
190,37.95256427834092,38.88821176136395,619.1500244140625,direct,,TRVs30GeoM_9Arcsec.tif,B66C0EC63B18E8FC8DBFD4E41201F4AC,619.1500244140625,direct,valid,5950,14098,,TRVs30GeoM_3Arcsec.tif,C0F54FC735ABBEA202C7C6A44E590D82,0.0,0.0,0.0
191,38.497388513201685,38.72264586963246,463.3088073730469,direct,,TRVs30GeoM_9Arcsec.tif,B66C0EC63B18E8FC8DBFD4E41201F4AC,458.8225402832031,direct,valid,5935,14782,,TRVs30GeoM_3Arcsec.tif,C0F54FC735ABBEA202C7C6A44E590D82,-4.48626708984375,4.48626708984375,-0.968310340414379
192,39.03991141825595,38.55402902637986,357.75457763671875,direct,,TRVs30GeoM_9Arcsec.tif,B66C0EC63B18E8FC8DBFD4E41201F4AC,357.9612731933594,direct,valid,5919,15467,,TRVs30GeoM_3Arcsec.tif,C0F54FC735ABBEA202C7C6A44E590D82,0.206695556640625,0.206695556640625,0.05777579647087385
193,39.58011786236474,38.38238113649788,619.1500244140625,direct,,TRVs30GeoM_9Arcsec.tif,B66C0EC63B18E8FC8DBFD4E41201F4AC,619.1500244140625,direct,valid,5903,16154,,TRVs30GeoM_3Arcsec.tif,C0F54FC735ABBEA202C7C6A44E590D82,0.0,0.0,0.0
194,40.11799409157385,38.20772213749719,487.0408020019531,direct,,TRVs30GeoM_9Arcsec.tif,B66C0EC63B18E8FC8DBFD4E41201F4AC,486.7130432128906,direct,valid,5886,16841,,TRVs30GeoM_3Arcsec.tif,C0F54FC735ABBEA202C7C6A44E590D82,-0.3277587890625,0.3277587890625,-0.06729596118338882
195,40.65352771258926,38.0300719850824,428.0439147949219,direct,,TRVs30GeoM_9Arcsec.tif,B66C0EC63B18E8FC8DBFD4E41201F4AC,427.0920104980469,direct,valid,5868,17530,,TRVs30GeoM_3Arcsec.tif,C0F54FC735ABBEA202C7C6A44E590D82,-0.951904296875,0.951904296875,-0.2223847282891669
196,41.1867076752579,37.84945063900995,387.1775817871094,direct,,TRVs30GeoM_9Arcsec.tif,B66C0EC63B18E8FC8DBFD4E41201F4AC,380.04217529296875,direct,valid,5850,18219,,TRVs30GeoM_3Arcsec.tif,C0F54FC735ABBEA202C7C6A44E590D82,-7.135406494140625,7.135406494140625,-1.8429286275319647
197,41.7175242541276,37.66587804923799,512.5012817382812,direct,,TRVs30GeoM_9Arcsec.tif,B66C0EC63B18E8FC8DBFD4E41201F4AC,514.1657104492188,direct,valid,5832,18910,,TRVs30GeoM_3Arcsec.tif,C0F54FC735ABBEA202C7C6A44E590D82,1.6644287109375,1.6644287109375,0.32476576552007
198,42.24596902915907,37.47937414237634,600.7100219726562,direct,,TRVs30GeoM_9Arcsec.tif,B66C0EC63B18E8FC8DBFD4E41201F4AC,600.7100219726562,direct,valid,5813,19602,,TRVs30GeoM_3Arcsec.tif,C0F54FC735ABBEA202C7C6A44E590D82,0.0,0.0,0.0
199,27.32030359889184,41.86714480472202,576.5399780273438,direct,,TRVs30GeoM_9Arcsec.tif,B66C0EC63B18E8FC8DBFD4E41201F4AC,576.5399780273438,direct,valid,5490,1225,,TRVs30GeoM_3Arcsec.tif,C0F54FC735ABBEA202C7C6A44E590D82,0.0,0.0,0.0
200,27.90793197350734,41.76230564320424,576.5399780273438,direct,,TRVs30GeoM_9Arcsec.tif,B66C0EC63B18E8FC8DBFD4E41201F4AC,576.5399780273438,direct,valid,5483,1895,,TRVs30GeoM_3Arcsec.tif,C0F54FC735ABBEA202C7C6A44E590D82,0.0,0.0,0.0
201,31.39460201858199,41.06191479063402,600.7100219726562,direct,,TRVs30GeoM_9Arcsec.tif,B66C0EC63B18E8FC8DBFD4E41201F4AC,600.7100219726562,direct,valid,5432,5926,,TRVs30GeoM_3Arcsec.tif,C0F54FC735ABBEA202C7C6A44E590D82,0.0,0.0,0.0
202,31.96882470353246,40.93345450667417,594.1270141601562,direct,,TRVs30GeoM_9Arcsec.tif,B66C0EC63B18E8FC8DBFD4E41201F4AC,567.1151733398438,direct,valid,5422,6600,,TRVs30GeoM_3Arcsec.tif,C0F54FC735ABBEA202C7C6A44E590D82,-27.0118408203125,27.0118408203125,-4.546475783212078
203,32.54098176438588,40.801691908159086,537.5999755859375,direct,,TRVs30GeoM_9Arcsec.tif,B66C0EC63B18E8FC8DBFD4E41201F4AC,537.5999755859375,direct,valid,5412,7275,,TRVs30GeoM_3Arcsec.tif,C0F54FC735ABBEA202C7C6A44E590D82,0.0,0.0,0.0
204,33.11104011893139,40.666645835463534,354.2043762207031,direct,,TRVs30GeoM_9Arcsec.tif,B66C0EC63B18E8FC8DBFD4E41201F4AC,388.73638916015625,direct,valid,5401,7950,,TRVs30GeoM_3Arcsec.tif,C0F54FC735ABBEA202C7C6A44E590D82,34.532012939453125,34.532012939453125,9.749177383945247
205,33.67896821343401,40.52833535453819,448.244140625,direct,,TRVs30GeoM_9Arcsec.tif,B66C0EC63B18E8FC8DBFD4E41201F4AC,451.7929992675781,direct,valid,5390,8627,,TRVs30GeoM_3Arcsec.tif,C0F54FC735ABBEA202C7C6A44E590D82,3.548858642578125,3.548858642578125,0.7917244913965517
206,34.24473602295546,40.38677973958139,452.1221618652344,direct,,TRVs30GeoM_9Arcsec.tif,B66C0EC63B18E8FC8DBFD4E41201F4AC,450.39483642578125,direct,valid,5379,9303,,TRVs30GeoM_3Arcsec.tif,C0F54FC735ABBEA202C7C6A44E590D82,-1.727325439453125,1.727325439453125,-0.3820483898261096
207,34.80831504974517,40.24199845581047,419.39495849609375,direct,,TRVs30GeoM_9Arcsec.tif,B66C0EC63B18E8FC8DBFD4E41201F4AC,417.4193115234375,direct,valid,5367,9981,,TRVs30GeoM_3Arcsec.tif,C0F54FC735ABBEA202C7C6A44E590D82,-1.97564697265625,1.97564697265625,-0.4710707490954857
208,35.36967831976815,40.09401114235636,580.7123413085938,direct,,TRVs30GeoM_9Arcsec.tif,B66C0EC63B18E8FC8DBFD4E41201F4AC,582.2203369140625,direct,valid,5355,10659,,TRVs30GeoM_3Arcsec.tif,C0F54FC735ABBEA202C7C6A44E590D82,1.50799560546875,1.50799560546875,0.25968030954372173
209,35.928800377439245,39.94283759530382,535.7010498046875,direct,,TRVs30GeoM_9Arcsec.tif,B66C0EC63B18E8FC8DBFD4E41201F4AC,532.8096313476562,direct,valid,5342,11339,,TRVs30GeoM_3Arcsec.tif,C0F54FC735ABBEA202C7C6A44E590D82,-2.89141845703125,2.89141845703125,-0.5397447808036664
210,36.48565727863619,39.78849775089813,429.4677429199219,direct,,TRVs30GeoM_9Arcsec.tif,B66C0EC63B18E8FC8DBFD4E41201F4AC,435.0435485839844,direct,valid,5329,12019,,TRVs30GeoM_3Arcsec.tif,C0F54FC735ABBEA202C7C6A44E590D82,5.5758056640625,5.5758056640625,1.298306044163638
211,37.04022658206525,39.63101166893865,457.5965576171875,direct,,TRVs30GeoM_9Arcsec.tif,B66C0EC63B18E8FC8DBFD4E41201F4AC,458.09832763671875,direct,valid,5315,12700,,TRVs30GeoM_3Arcsec.tif,C0F54FC735ABBEA202C7C6A44E590D82,0.50177001953125,0.50177001953125,0.10965336412146194
212,37.59248733905582,39.47039951637768,476.6583251953125,direct,,TRVs30GeoM_9Arcsec.tif,B66C0EC63B18E8FC8DBFD4E41201F4AC,474.547119140625,direct,valid,5301,13381,,TRVs30GeoM_3Arcsec.tif,C0F54FC735ABBEA202C7C6A44E590D82,-2.1112060546875,2.1112060546875,-0.44291811200872777
213,38.14242008186092,39.30668155114245,476.82525634765625,direct,,TRVs30GeoM_9Arcsec.tif,B66C0EC63B18E8FC8DBFD4E41201F4AC,479.39093017578125,direct,valid,5287,14064,,TRVs30GeoM_3Arcsec.tif,C0F54FC735ABBEA202C7C6A44E590D82,2.565673828125,2.565673828125,0.5380742303327891
214,38.69000681054206,39.13987810619656,459.8590087890625,direct,,TRVs30GeoM_9Arcsec.tif,B66C0EC63B18E8FC8DBFD4E41201F4AC,469.7297058105469,direct,valid,5272,14748,,TRVs30GeoM_3Arcsec.tif,C0F54FC735ABBEA202C7C6A44E590D82,9.870697021484375,9.870697021484375,2.1464615964525047
215,39.23523097851778,38.97000957385584,537.5999755859375,direct,,TRVs30GeoM_9Arcsec.tif,B66C0EC63B18E8FC8DBFD4E41201F4AC,537.5999755859375,direct,valid,5256,15432,,TRVs30GeoM_3Arcsec.tif,C0F54FC735ABBEA202C7C6A44E590D82,0.0,0.0,0.0
216,39.77807747685498,38.79709639037304,523.709716796875,direct,,TRVs30GeoM_9Arcsec.tif,B66C0EC63B18E8FC8DBFD4E41201F4AC,522.6787109375,direct,valid,5240,16118,,TRVs30GeoM_3Arcsec.tif,C0F54FC735ABBEA202C7C6A44E590D82,-1.031005859375,1.031005859375,-0.19686590229428258
217,40.3185326173833,38.62115902080354,576.5399780273438,direct,,TRVs30GeoM_9Arcsec.tif,B66C0EC63B18E8FC8DBFD4E41201F4AC,576.5399780273438,direct,valid,5223,16804,,TRVs30GeoM_3Arcsec.tif,C0F54FC735ABBEA202C7C6A44E590D82,0.0,0.0,0.0
218,40.8565841147114,38.44221794416428,435.7065124511719,direct,,TRVs30GeoM_9Arcsec.tif,B66C0EC63B18E8FC8DBFD4E41201F4AC,434.6419982910156,direct,valid,5206,17492,,TRVs30GeoM_3Arcsec.tif,C0F54FC735ABBEA202C7C6A44E590D82,-1.06451416015625,1.06451416015625,-0.2443190840016527
219,41.3922210672249,38.26029363889579,582.1966552734375,direct,,TRVs30GeoM_9Arcsec.tif,B66C0EC63B18E8FC8DBFD4E41201F4AC,596.8406372070312,direct,valid,5188,18181,,TRVs30GeoM_3Arcsec.tif,C0F54FC735ABBEA202C7C6A44E590D82,14.64398193359375,14.64398193359375,2.515298190216497
220,41.92543393714404,38.07540656863709,619.1500244140625,direct,,TRVs30GeoM_9Arcsec.tif,B66C0EC63B18E8FC8DBFD4E41201F4AC,619.1500244140625,direct,valid,5170,18870,,TRVs30GeoM_3Arcsec.tif,C0F54FC735ABBEA202C7C6A44E590D82,0.0,0.0,0.0
221,42.45621452971892,37.88757716832112,576.5399780273438,direct,,TRVs30GeoM_9Arcsec.tif,B66C0EC63B18E8FC8DBFD4E41201F4AC,576.5399780273438,direct,valid,5151,19561,,TRVs30GeoM_3Arcsec.tif,C0F54FC735ABBEA202C7C6A44E590D82,0.0,0.0,0.0
222,42.98455597163872,37.6968258305983,568.3587036132812,direct,,TRVs30GeoM_9Arcsec.tif,B66C0EC63B18E8FC8DBFD4E41201F4AC,567.3203735351562,direct,valid,5131,20253,,TRVs30GeoM_3Arcsec.tif,C0F54FC735ABBEA202C7C6A44E590D82,-1.038330078125,1.038330078125,-0.18268921924199008
223,43.5104526887302,37.503172892593774,600.7100219726562,direct,,TRVs30GeoM_9Arcsec.tif,B66C0EC63B18E8FC8DBFD4E41201F4AC,600.7100219726562,direct,valid,5111,20946,,TRVs30GeoM_3Arcsec.tif,C0F54FC735ABBEA202C7C6A44E590D82,0.0,0.0,0.0
224,32.12724807530359,41.36387268192554,537.5999755859375,direct,,TRVs30GeoM_9Arcsec.tif,B66C0EC63B18E8FC8DBFD4E41201F4AC,533.7816772460938,direct,valid,4759,6577,,TRVs30GeoM_3Arcsec.tif,C0F54FC735ABBEA202C7C6A44E590D82,-3.81829833984375,3.81829833984375,-0.7102489793981361
225,32.70288003523498,41.23104397401816,450.1291809082031,direct,,TRVs30GeoM_9Arcsec.tif,B66C0EC63B18E8FC8DBFD4E41201F4AC,449.63427734375,direct,valid,4749,7251,,TRVs30GeoM_3Arcsec.tif,C0F54FC735ABBEA202C7C6A44E590D82,-0.494903564453125,0.494903564453125,-0.10994700753561074
226,33.2763531496317,41.09491145873179,576.5399780273438,direct,,TRVs30GeoM_9Arcsec.tif,B66C0EC63B18E8FC8DBFD4E41201F4AC,576.5399780273438,direct,valid,4738,7925,,TRVs30GeoM_3Arcsec.tif,C0F54FC735ABBEA202C7C6A44E590D82,0.0,0.0,0.0
227,33.847635325026566,40.95549475971331,537.5999755859375,direct,,TRVs30GeoM_9Arcsec.tif,B66C0EC63B18E8FC8DBFD4E41201F4AC,537.5999755859375,direct,valid,4728,8601,,TRVs30GeoM_3Arcsec.tif,C0F54FC735ABBEA202C7C6A44E590D82,0.0,0.0,0.0
228,34.41669605582694,40.81281371072964,449.4459228515625,direct,,TRVs30GeoM_9Arcsec.tif,B66C0EC63B18E8FC8DBFD4E41201F4AC,449.4459228515625,direct,valid,4716,9277,,TRVs30GeoM_3Arcsec.tif,C0F54FC735ABBEA202C7C6A44E590D82,0.0,0.0,0.0
229,34.98350642177497,40.66688833779436,537.5999755859375,direct,,TRVs30GeoM_9Arcsec.tif,B66C0EC63B18E8FC8DBFD4E41201F4AC,537.5999755859375,direct,valid,4705,9954,,TRVs30GeoM_3Arcsec.tif,C0F54FC735ABBEA202C7C6A44E590D82,0.0,0.0,0.0
230,35.548039083457624,40.51773884143387,437.2521057128906,direct,,TRVs30GeoM_9Arcsec.tif,B66C0EC63B18E8FC8DBFD4E41201F4AC,435.9992370605469,direct,valid,4692,10631,,TRVs30GeoM_3Arcsec.tif,C0F54FC735ABBEA202C7C6A44E590D82,-1.25286865234375,1.25286865234375,-0.28653233134259876
231,36.110268275942175,40.3653855791167,364.2544250488281,direct,,TRVs30GeoM_9Arcsec.tif,B66C0EC63B18E8FC8DBFD4E41201F4AC,359.4662170410156,direct,valid,4680,11310,,TRVs30GeoM_3Arcsec.tif,C0F54FC735ABBEA202C7C6A44E590D82,-4.7882080078125,4.7882080078125,-1.3145229483953813
232,36.67016980061532,40.20984904786767,619.1500244140625,direct,,TRVs30GeoM_9Arcsec.tif,B66C0EC63B18E8FC8DBFD4E41201F4AC,619.1500244140625,direct,valid,4667,11989,,TRVs30GeoM_3Arcsec.tif,C0F54FC735ABBEA202C7C6A44E590D82,0.0,0.0,0.0
233,37.227721015306265,40.05114986708789,618.48388671875,direct,,TRVs30GeoM_9Arcsec.tif,B66C0EC63B18E8FC8DBFD4E41201F4AC,618.9990844726562,direct,valid,4653,12669,,TRVs30GeoM_3Arcsec.tif,C0F54FC735ABBEA202C7C6A44E590D82,0.51519775390625,0.51519775390625,0.08330010934311237
234,37.782900822775545,39.88930876159981,438.1587829589844,direct,,TRVs30GeoM_9Arcsec.tif,B66C0EC63B18E8FC8DBFD4E41201F4AC,454.6751403808594,direct,valid,4639,13350,,TRVs30GeoM_3Arcsec.tif,C0F54FC735ABBEA202C7C6A44E590D82,16.516357421875,16.516357421875,3.76949134976511
235,38.33568965765315,39.72434654493565,447.51953125,direct,,TRVs30GeoM_9Arcsec.tif,B66C0EC63B18E8FC8DBFD4E41201F4AC,449.1175537109375,direct,valid,4625,14032,,TRVs30GeoM_3Arcsec.tif,C0F54FC735ABBEA202C7C6A44E590D82,1.5980224609375,1.5980224609375,0.3570844062322699
236,38.88606947191002,39.55628410288591,537.5999755859375,direct,,TRVs30GeoM_9Arcsec.tif,B66C0EC63B18E8FC8DBFD4E41201F4AC,537.5999755859375,direct,valid,4610,14715,,TRVs30GeoM_3Arcsec.tif,C0F54FC735ABBEA202C7C6A44E590D82,0.0,0.0,0.0
237,39.43402371894801,39.38514237732356,619.1500244140625,direct,,TRVs30GeoM_9Arcsec.tif,B66C0EC63B18E8FC8DBFD4E41201F4AC,619.1500244140625,direct,valid,4595,15398,,TRVs30GeoM_3Arcsec.tif,C0F54FC735ABBEA202C7C6A44E590D82,0.0,0.0,0.0
238,39.97953733639344,39.210942350318334,537.5999755859375,direct,,TRVs30GeoM_9Arcsec.tif,B66C0EC63B18E8FC8DBFD4E41201F4AC,537.5999755859375,direct,valid,4579,16083,,TRVs30GeoM_3Arcsec.tif,C0F54FC735ABBEA202C7C6A44E590D82,0.0,0.0,0.0
239,40.522596727679726,39.03370502855385,537.5999755859375,direct,,TRVs30GeoM_9Arcsec.tif,B66C0EC63B18E8FC8DBFD4E41201F4AC,537.5999755859375,direct,valid,4562,16769,,TRVs30GeoM_3Arcsec.tif,C0F54FC735ABBEA202C7C6A44E590D82,0.0,0.0,0.0
240,41.063189742503695,38.85345142805938,537.5999755859375,direct,,TRVs30GeoM_9Arcsec.tif,B66C0EC63B18E8FC8DBFD4E41201F4AC,537.5999755859375,direct,valid,4545,17455,,TRVs30GeoM_3Arcsec.tif,C0F54FC735ABBEA202C7C6A44E590D82,0.0,0.0,0.0
241,41.60130565624036,38.67020255926717,576.5399780273438,direct,,TRVs30GeoM_9Arcsec.tif,B66C0EC63B18E8FC8DBFD4E41201F4AC,576.5399780273438,direct,valid,4527,18143,,TRVs30GeoM_3Arcsec.tif,C0F54FC735ABBEA202C7C6A44E590D82,0.0,0.0,0.0
242,42.136935148399466,38.48397941240376,552.7262573242188,direct,,TRVs30GeoM_9Arcsec.tif,B66C0EC63B18E8FC8DBFD4E41201F4AC,552.7262573242188,direct,valid,4509,18832,,TRVs30GeoM_3Arcsec.tif,C0F54FC735ABBEA202C7C6A44E590D82,0.0,0.0,0.0
243,42.67007028020628,38.29480294322424,576.5399780273438,direct,,TRVs30GeoM_9Arcsec.tif,B66C0EC63B18E8FC8DBFD4E41201F4AC,576.5399780273438,direct,valid,4490,19522,,TRVs30GeoM_3Arcsec.tif,C0F54FC735ABBEA202C7C6A44E590D82,0.0,0.0,0.0
244,43.20070447138824,38.10269405909594,576.5399780273438,direct,,TRVs30GeoM_9Arcsec.tif,B66C0EC63B18E8FC8DBFD4E41201F4AC,576.5399780273438,direct,valid,4471,20213,,TRVs30GeoM_3Arcsec.tif,C0F54FC735ABBEA202C7C6A44E590D82,0.0,0.0,0.0
245,43.728832476246495,37.90767360543753,537.9388427734375,direct,,TRVs30GeoM_9Arcsec.tif,B66C0EC63B18E8FC8DBFD4E41201F4AC,542.3809204101562,direct,valid,4451,20905,,TRVs30GeoM_3Arcsec.tif,C0F54FC735ABBEA202C7C6A44E590D82,4.44207763671875,4.44207763671875,0.825758856493211
246,44.25445035909105,37.70976235251805,576.5399780273438,direct,,TRVs30GeoM_9Arcsec.tif,B66C0EC63B18E8FC8DBFD4E41201F4AC,576.5399780273438,direct,valid,4430,21598,,TRVs30GeoM_3Arcsec.tif,C0F54FC735ABBEA202C7C6A44E590D82,0.0,0.0,0.0
247,32.86785971045566,41.65979456066122,600.7100219726562,direct,,TRVs30GeoM_9Arcsec.tif,B66C0EC63B18E8FC8DBFD4E41201F4AC,600.7100219726562,direct,valid,4087,7227,,TRVs30GeoM_3Arcsec.tif,C0F54FC735ABBEA202C7C6A44E590D82,0.0,0.0,0.0
248,33.444797513838466,41.52255515900016,449.5407409667969,direct,,TRVs30GeoM_9Arcsec.tif,B66C0EC63B18E8FC8DBFD4E41201F4AC,449.4922180175781,direct,valid,4076,7901,,TRVs30GeoM_3Arcsec.tif,C0F54FC735ABBEA202C7C6A44E590D82,-0.04852294921875,0.04852294921875,-0.0107938935889092
249,34.01948170678295,41.38201157695592,576.5399780273438,direct,,TRVs30GeoM_9Arcsec.tif,B66C0EC63B18E8FC8DBFD4E41201F4AC,576.5399780273438,direct,valid,4066,8576,,TRVs30GeoM_3Arcsec.tif,C0F54FC735ABBEA202C7C6A44E590D82,0.0,0.0,0.0
250,34.59188130842567,41.238184225796175,576.5399780273438,direct,,TRVs30GeoM_9Arcsec.tif,B66C0EC63B18E8FC8DBFD4E41201F4AC,576.5399780273438,direct,valid,4055,9251,,TRVs30GeoM_3Arcsec.tif,C0F54FC735ABBEA202C7C6A44E590D82,0.0,0.0,0.0
251,35.16196698394322,41.09109371005216,600.7100219726562,direct,,TRVs30GeoM_9Arcsec.tif,B66C0EC63B18E8FC8DBFD4E41201F4AC,600.7100219726562,direct,valid,4043,9927,,TRVs30GeoM_3Arcsec.tif,C0F54FC735ABBEA202C7C6A44E590D82,0.0,0.0,0.0
252,35.729711038947386,40.9407608091312,416.62835693359375,direct,,TRVs30GeoM_9Arcsec.tif,B66C0EC63B18E8FC8DBFD4E41201F4AC,411.46221923828125,direct,valid,4031,10604,,TRVs30GeoM_3Arcsec.tif,C0F54FC735ABBEA202C7C6A44E590D82,-5.1661376953125,5.1661376953125,-1.2399870554504597
253,36.29508741192155,40.78720645911132,445.3791198730469,direct,,TRVs30GeoM_9Arcsec.tif,B66C0EC63B18E8FC8DBFD4E41201F4AC,446.0419921875,direct,valid,4019,11282,,TRVs30GeoM_3Arcsec.tif,C0F54FC735ABBEA202C7C6A44E590D82,0.662872314453125,0.662872314453125,0.14883327144794609
254,36.85807166478312,40.63045173474038,512.1145629882812,direct,,TRVs30GeoM_9Arcsec.tif,B66C0EC63B18E8FC8DBFD4E41201F4AC,507.6919250488281,direct,valid,4006,11960,,TRVs30GeoM_3Arcsec.tif,C0F54FC735ABBEA202C7C6A44E590D82,-4.422637939453125,4.422637939453125,-0.8636032362849109
255,37.41864097165869,40.47051783166179,618.8026123046875,direct,,TRVs30GeoM_9Arcsec.tif,B66C0EC63B18E8FC8DBFD4E41201F4AC,619.1500244140625,direct,valid,3992,12640,,TRVs30GeoM_3Arcsec.tif,C0F54FC735ABBEA202C7C6A44E590D82,0.347412109375,0.347412109375,0.056142637808377645
256,37.97677410596052,40.30742604888621,619.12255859375,direct,,TRVs30GeoM_9Arcsec.tif,B66C0EC63B18E8FC8DBFD4E41201F4AC,619.1500244140625,direct,valid,3979,13320,,TRVs30GeoM_3Arcsec.tif,C0F54FC735ABBEA202C7C6A44E590D82,0.0274658203125,0.0274658203125,0.004436249322732603
257,38.5324514258542,40.14119777152859,545.0187377929688,direct,,TRVs30GeoM_9Arcsec.tif,B66C0EC63B18E8FC8DBFD4E41201F4AC,570.3954467773438,direct,valid,3964,14001,,TRVs30GeoM_3Arcsec.tif,C0F54FC735ABBEA202C7C6A44E590D82,25.376708984375,25.376708984375,4.656116794651309
258,39.08565485820786,39.97185445382736,483.9147644042969,direct,,TRVs30GeoM_9Arcsec.tif,B66C0EC63B18E8FC8DBFD4E41201F4AC,483.81463623046875,direct,valid,3950,14683,,TRVs30GeoM_3Arcsec.tif,C0F54FC735ABBEA202C7C6A44E590D82,-0.100128173828125,0.100128173828125,-0.020691283092257706
259,39.63636788111455,39.79941760246207,619.1500244140625,direct,,TRVs30GeoM_9Arcsec.tif,B66C0EC63B18E8FC8DBFD4E41201F4AC,619.1500244140625,direct,valid,3934,15365,,TRVs30GeoM_3Arcsec.tif,C0F54FC735ABBEA202C7C6A44E590D82,0.0,0.0,0.0
260,40.18457550507881,39.62390876018369,435.2808837890625,direct,,TRVs30GeoM_9Arcsec.tif,B66C0EC63B18E8FC8DBFD4E41201F4AC,454.60797119140625,direct,valid,3918,16049,,TRVs30GeoM_3Arcsec.tif,C0F54FC735ABBEA202C7C6A44E590D82,19.32708740234375,19.32708740234375,4.440141555058428
261,40.73026425295892,39.44534948977105,530.8173828125,direct,,TRVs30GeoM_9Arcsec.tif,B66C0EC63B18E8FC8DBFD4E41201F4AC,532.9637451171875,direct,valid,3902,16734,,TRVs30GeoM_3Arcsec.tif,C0F54FC735ABBEA202C7C6A44E590D82,2.1463623046875,2.1463623046875,0.40435041771148195
262,41.27342213875534,39.263761358325205,403.1685791015625,direct,,TRVs30GeoM_9Arcsec.tif,B66C0EC63B18E8FC8DBFD4E41201F4AC,413.1262512207031,direct,valid,3885,17420,,TRVs30GeoM_3Arcsec.tif,C0F54FC735ABBEA202C7C6A44E590D82,9.957672119140625,9.957672119140625,2.4698532165702773
263,41.81403864533565,39.07916592191211,356.8906555175781,direct,,TRVs30GeoM_9Arcsec.tif,B66C0EC63B18E8FC8DBFD4E41201F4AC,350.51214599609375,direct,valid,3868,18107,,TRVs30GeoM_3Arcsec.tif,C0F54FC735ABBEA202C7C6A44E590D82,-6.378509521484375,6.378509521484375,-1.7872447549051087
264,42.35210470118456,38.891584710563,537.5999755859375,direct,,TRVs30GeoM_9Arcsec.tif,B66C0EC63B18E8FC8DBFD4E41201F4AC,537.5999755859375,direct,valid,3850,18795,,TRVs30GeoM_3Arcsec.tif,C0F54FC735ABBEA202C7C6A44E590D82,0.0,0.0,0.0
265,42.887612656266974,38.70103921364054,220.89083862304688,nearest_valid,9485.55374329096,TRVs30GeoM_9Arcsec.tif,B66C0EC63B18E8FC8DBFD4E41201F4AC,159.88558959960938,nearest_valid,nodata,3719,19427,9422.516914005155,TRVs30GeoM_3Arcsec.tif,C0F54FC735ABBEA202C7C6A44E590D82,-61.0052490234375,61.0052490234375,-27.617826707400827
266,43.420556257090176,38.5075508655773,406.5823364257813,direct,,TRVs30GeoM_9Arcsec.tif,B66C0EC63B18E8FC8DBFD4E41201F4AC,407.0455017089844,direct,valid,3812,20174,,TRVs30GeoM_3Arcsec.tif,C0F54FC735ABBEA202C7C6A44E590D82,0.46316528320306816,0.46316528320306816,0.11391672527505771
267,43.9509306210494,38.31114103199241,521.9302978515625,direct,,TRVs30GeoM_9Arcsec.tif,B66C0EC63B18E8FC8DBFD4E41201F4AC,522.9056396484375,direct,valid,3792,20865,,TRVs30GeoM_3Arcsec.tif,C0F54FC735ABBEA202C7C6A44E590D82,0.975341796875,0.975341796875,0.18687204036436073
268,33.61645171466469,41.949571640011015,578.09033203125,direct,,TRVs30GeoM_9Arcsec.tif,B66C0EC63B18E8FC8DBFD4E41201F4AC,585.3824462890625,direct,valid,3416,7878,,TRVs30GeoM_3Arcsec.tif,C0F54FC735ABBEA202C7C6A44E590D82,7.2921142578125,7.2921142578125,1.2614143246765641
269,34.194586415748496,41.80788002812139,611.6973876953125,direct,,TRVs30GeoM_9Arcsec.tif,B66C0EC63B18E8FC8DBFD4E41201F4AC,613.1983642578125,direct,valid,3405,8552,,TRVs30GeoM_3Arcsec.tif,C0F54FC735ABBEA202C7C6A44E590D82,1.5009765625,1.5009765625,0.24537893943853803
270,34.77037131351163,41.662885026533125,600.7100219726562,direct,,TRVs30GeoM_9Arcsec.tif,B66C0EC63B18E8FC8DBFD4E41201F4AC,600.7100219726562,direct,valid,3394,9227,,TRVs30GeoM_3Arcsec.tif,C0F54FC735ABBEA202C7C6A44E590D82,0.0,0.0,0.0
271,35.34377666794147,41.51460783665575,614.709716796875,direct,,TRVs30GeoM_9Arcsec.tif,B66C0EC63B18E8FC8DBFD4E41201F4AC,611.6298828125,direct,valid,3383,9902,,TRVs30GeoM_3Arcsec.tif,C0F54FC735ABBEA202C7C6A44E590D82,-3.079833984375,3.079833984375,-0.501022498948508
272,35.91477444162001,41.36306983487982,600.7100219726562,direct,,TRVs30GeoM_9Arcsec.tif,B66C0EC63B18E8FC8DBFD4E41201F4AC,600.7100219726562,direct,valid,3371,10578,,TRVs30GeoM_3Arcsec.tif,C0F54FC735ABBEA202C7C6A44E590D82,0.0,0.0,0.0
273,36.48333829085251,41.20829255371199,261.2767333984375,direct,,TRVs30GeoM_9Arcsec.tif,B66C0EC63B18E8FC8DBFD4E41201F4AC,261.0055847167969,direct,valid,3359,11255,,TRVs30GeoM_3Arcsec.tif,C0F54FC735ABBEA202C7C6A44E590D82,-0.271148681640625,0.271148681640625,-0.10377834953529258
274,37.04944355484163,41.05029766313624,619.1500244140625,direct,,TRVs30GeoM_9Arcsec.tif,B66C0EC63B18E8FC8DBFD4E41201F4AC,619.1500244140625,direct,valid,3346,11933,,TRVs30GeoM_3Arcsec.tif,C0F54FC735ABBEA202C7C6A44E590D82,0.0,0.0,0.0
275,37.61306724300135,40.88910695222355,600.7100219726562,direct,,TRVs30GeoM_9Arcsec.tif,B66C0EC63B18E8FC8DBFD4E41201F4AC,600.7100219726562,direct,valid,3333,12611,,TRVs30GeoM_3Arcsec.tif,C0F54FC735ABBEA202C7C6A44E590D82,0.0,0.0,0.0
276,38.17418802050582,40.72474231101067,619.1500244140625,direct,,TRVs30GeoM_9Arcsec.tif,B66C0EC63B18E8FC8DBFD4E41201F4AC,619.1500244140625,direct,valid,3319,13291,,TRVs30GeoM_3Arcsec.tif,C0F54FC735ABBEA202C7C6A44E590D82,0.0,0.0,0.0
277,38.732786192170245,40.55722571266727,619.1500244140625,direct,,TRVs30GeoM_9Arcsec.tif,B66C0EC63B18E8FC8DBFD4E41201F4AC,619.1500244140625,direct,valid,3305,13971,,TRVs30GeoM_3Arcsec.tif,C0F54FC735ABBEA202C7C6A44E590D82,0.0,0.0,0.0
278,39.288843684761055,40.38657919596919,600.7100219726562,direct,,TRVs30GeoM_9Arcsec.tif,B66C0EC63B18E8FC8DBFD4E41201F4AC,600.7100219726562,direct,valid,3290,14652,,TRVs30GeoM_3Arcsec.tif,C0F54FC735ABBEA202C7C6A44E590D82,0.0,0.0,0.0
279,39.8423440278335,40.21282484809435,549.0767822265625,direct,,TRVs30GeoM_9Arcsec.tif,B66C0EC63B18E8FC8DBFD4E41201F4AC,557.3491821289062,direct,valid,3275,15334,,TRVs30GeoM_3Arcsec.tif,C0F54FC735ABBEA202C7C6A44E590D82,8.27239990234375,8.27239990234375,1.5066016575675123
280,40.39327233319441,40.03598478775554,600.7100219726562,direct,,TRVs30GeoM_9Arcsec.tif,B66C0EC63B18E8FC8DBFD4E41201F4AC,600.7100219726562,direct,valid,3259,16017,,TRVs30GeoM_3Arcsec.tif,C0F54FC735ABBEA202C7C6A44E590D82,0.0,0.0,0.0
281,40.94161527308801,39.85608114868425,537.5999755859375,direct,,TRVs30GeoM_9Arcsec.tif,B66C0EC63B18E8FC8DBFD4E41201F4AC,537.5999755859375,direct,valid,3243,16701,,TRVs30GeoM_3Arcsec.tif,C0F54FC735ABBEA202C7C6A44E590D82,0.0,0.0,0.0
282,41.48736105720132,39.67313606347664,406.0848693847656,direct,,TRVs30GeoM_9Arcsec.tif,B66C0EC63B18E8FC8DBFD4E41201F4AC,399.6725769042969,direct,valid,3226,17386,,TRVs30GeoM_3Arcsec.tif,C0F54FC735ABBEA202C7C6A44E590D82,-6.41229248046875,6.41229248046875,-1.5790523025848322
283,42.03049940858551,39.48717164781292,576.5399780273438,direct,,TRVs30GeoM_9Arcsec.tif,B66C0EC63B18E8FC8DBFD4E41201F4AC,576.5399780273438,direct,valid,3209,18072,,TRVs30GeoM_3Arcsec.tif,C0F54FC735ABBEA202C7C6A44E590D82,0.0,0.0,0.0
284,42.57102153858751,39.29820998505886,537.5999755859375,direct,,TRVs30GeoM_9Arcsec.tif,B66C0EC63B18E8FC8DBFD4E41201F4AC,537.5999755859375,direct,valid,3191,18759,,TRVs30GeoM_3Arcsec.tif,C0F54FC735ABBEA202C7C6A44E590D82,0.0,0.0,0.0
285,43.108920120885394,39.106273111257465,537.5999755859375,direct,,TRVs30GeoM_9Arcsec.tif,B66C0EC63B18E8FC8DBFD4E41201F4AC,537.5999755859375,direct,valid,3173,19447,,TRVs30GeoM_3Arcsec.tif,C0F54FC735ABBEA202C7C6A44E590D82,0.0,0.0,0.0
286,43.64418926471844,38.91138300051731,535.6008911132812,direct,,TRVs30GeoM_9Arcsec.tif,B66C0EC63B18E8FC8DBFD4E41201F4AC,535.727783203125,direct,valid,3153,20136,,TRVs30GeoM_3Arcsec.tif,C0F54FC735ABBEA202C7C6A44E590D82,0.12689208984375,0.12689208984375,0.023691538223544875
287,44.17682448740173,38.71356155080296,420.6057739257813,direct,,TRVs30GeoM_9Arcsec.tif,B66C0EC63B18E8FC8DBFD4E41201F4AC,419.4975891113281,direct,valid,3134,20826,,TRVs30GeoM_3Arcsec.tif,C0F54FC735ABBEA202C7C6A44E590D82,-1.1081848144531818,1.1081848144531818,-0.26347351442891237
288,38.93677722780187,40.972420283171616,619.1500244140625,direct,,TRVs30GeoM_9Arcsec.tif,B66C0EC63B18E8FC8DBFD4E41201F4AC,619.1500244140625,direct,valid,2646,13942,,TRVs30GeoM_3Arcsec.tif,C0F54FC735ABBEA202C7C6A44E590D82,0.0,0.0,0.0
289,39.49571909858484,40.80044778902895,619.1500244140625,direct,,TRVs30GeoM_9Arcsec.tif,B66C0EC63B18E8FC8DBFD4E41201F4AC,619.1500244140625,direct,valid,2632,14622,,TRVs30GeoM_3Arcsec.tif,C0F54FC735ABBEA202C7C6A44E590D82,0.0,0.0,0.0
290,40.05203511772502,40.62535312599842,609.095947265625,direct,,TRVs30GeoM_9Arcsec.tif,B66C0EC63B18E8FC8DBFD4E41201F4AC,614.683837890625,direct,valid,2617,15304,,TRVs30GeoM_3Arcsec.tif,C0F54FC735ABBEA202C7C6A44E590D82,5.587890625,5.587890625,0.917407290277559
291,40.60571052901054,40.44715900445944,619.1500244140625,direct,,TRVs30GeoM_9Arcsec.tif,B66C0EC63B18E8FC8DBFD4E41201F4AC,619.1500244140625,direct,valid,2601,15986,,TRVs30GeoM_3Arcsec.tif,C0F54FC735ABBEA202C7C6A44E590D82,0.0,0.0,0.0
292,41.15673218632065,40.26588814434975,537.5999755859375,direct,,TRVs30GeoM_9Arcsec.tif,B66C0EC63B18E8FC8DBFD4E41201F4AC,537.5999755859375,direct,valid,2585,16669,,TRVs30GeoM_3Arcsec.tif,C0F54FC735ABBEA202C7C6A44E590D82,0.0,0.0,0.0
293,41.70508852872559,40.08156325855301,537.5999755859375,direct,,TRVs30GeoM_9Arcsec.tif,B66C0EC63B18E8FC8DBFD4E41201F4AC,537.5999755859375,direct,valid,2569,17353,,TRVs30GeoM_3Arcsec.tif,C0F54FC735ABBEA202C7C6A44E590D82,0.0,0.0,0.0
294,42.25076955448307,39.894207036685685,537.5999755859375,direct,,TRVs30GeoM_9Arcsec.tif,B66C0EC63B18E8FC8DBFD4E41201F4AC,537.5999755859375,direct,valid,2551,18038,,TRVs30GeoM_3Arcsec.tif,C0F54FC735ABBEA202C7C6A44E590D82,0.0,0.0,0.0
295,42.79376679403261,39.70384212929231,537.5999755859375,direct,,TRVs30GeoM_9Arcsec.tif,B66C0EC63B18E8FC8DBFD4E41201F4AC,537.5999755859375,direct,valid,2534,18724,,TRVs30GeoM_3Arcsec.tif,C0F54FC735ABBEA202C7C6A44E590D82,0.0,0.0,0.0
296,43.33407328208632,39.51049113245673,537.5999755859375,direct,,TRVs30GeoM_9Arcsec.tif,B66C0EC63B18E8FC8DBFD4E41201F4AC,537.5999755859375,direct,valid,2515,19411,,TRVs30GeoM_3Arcsec.tif,C0F54FC735ABBEA202C7C6A44E590D82,0.0,0.0,0.0
297,43.87168352891327,39.31417657283573,537.5999755859375,direct,,TRVs30GeoM_9Arcsec.tif,B66C0EC63B18E8FC8DBFD4E41201F4AC,537.5999755859375,direct,valid,2496,20100,,TRVs30GeoM_3Arcsec.tif,C0F54FC735ABBEA202C7C6A44E590D82,0.0,0.0,0.0
298,40.82197523280503,40.85741936414967,619.1500244140625,direct,,TRVs30GeoM_9Arcsec.tif,B66C0EC63B18E8FC8DBFD4E41201F4AC,619.1500244140625,direct,valid,1944,15956,,TRVs30GeoM_3Arcsec.tif,C0F54FC735ABBEA202C7C6A44E590D82,0.0,0.0,0.0
299,41.37569978034522,40.67475798937051,560.1820068359375,direct,,TRVs30GeoM_9Arcsec.tif,B66C0EC63B18E8FC8DBFD4E41201F4AC,561.0712280273438,direct,valid,1928,16638,,TRVs30GeoM_3Arcsec.tif,C0F54FC735ABBEA202C7C6A44E590D82,0.88922119140625,0.88922119140625,0.15873790670800308
300,41.926688929415135,40.48903002379566,540.3002319335938,direct,,TRVs30GeoM_9Arcsec.tif,B66C0EC63B18E8FC8DBFD4E41201F4AC,535.0068359375,direct,valid,1912,17321,,TRVs30GeoM_3Arcsec.tif,C0F54FC735ABBEA202C7C6A44E590D82,-5.29339599609375,5.29339599609375,-0.9797138115506753
301,42.47493299098696,40.30025874564381,537.5999755859375,direct,,TRVs30GeoM_9Arcsec.tif,B66C0EC63B18E8FC8DBFD4E41201F4AC,537.5999755859375,direct,valid,1895,18006,,TRVs30GeoM_3Arcsec.tif,C0F54FC735ABBEA202C7C6A44E590D82,0.0,0.0,0.0
302,43.02042385331604,40.10846738679795,426.7346801757813,direct,,TRVs30GeoM_9Arcsec.tif,B66C0EC63B18E8FC8DBFD4E41201F4AC,425.4351501464844,direct,valid,1877,18691,,TRVs30GeoM_3Arcsec.tif,C0F54FC735ABBEA202C7C6A44E590D82,-1.2995300292969318,1.2995300292969318,-0.304528806695914
303,43.56315495196356,39.91367911703061,537.5999755859375,direct,,TRVs30GeoM_9Arcsec.tif,B66C0EC63B18E8FC8DBFD4E41201F4AC,537.5999755859375,direct,valid,1859,19377,,TRVs30GeoM_3Arcsec.tif,C0F54FC735ABBEA202C7C6A44E590D82,0.0,0.0,0.0
304,44.10312123901409,39.71591702867863,537.5999755859375,direct,,TRVs30GeoM_9Arcsec.tif,B66C0EC63B18E8FC8DBFD4E41201F4AC,537.5999755859375,direct,valid,1840,20065,,TRVs30GeoM_3Arcsec.tif,C0F54FC735ABBEA202C7C6A44E590D82,0.0,0.0,0.0
305,41.598605305389576,41.08267754767554,619.1500244140625,direct,,TRVs30GeoM_9Arcsec.tif,B66C0EC63B18E8FC8DBFD4E41201F4AC,619.1500244140625,direct,valid,1272,16609,,TRVs30GeoM_3Arcsec.tif,C0F54FC735ABBEA202C7C6A44E590D82,0.0,0.0,0.0
306,42.15224905047704,40.89552278239917,537.5999755859375,direct,,TRVs30GeoM_9Arcsec.tif,B66C0EC63B18E8FC8DBFD4E41201F4AC,537.5999755859375,direct,valid,1256,17291,,TRVs30GeoM_3Arcsec.tif,C0F54FC735ABBEA202C7C6A44E590D82,0.0,0.0,0.0
307,42.70307599224188,40.70531276695041,537.5999755859375,direct,,TRVs30GeoM_9Arcsec.tif,B66C0EC63B18E8FC8DBFD4E41201F4AC,537.5999755859375,direct,valid,1239,17975,,TRVs30GeoM_3Arcsec.tif,C0F54FC735ABBEA202C7C6A44E590D82,0.0,0.0,0.0
308,43.2510784181305,40.51207132902601,537.5999755859375,direct,,TRVs30GeoM_9Arcsec.tif,B66C0EC63B18E8FC8DBFD4E41201F4AC,537.5999755859375,direct,valid,1222,18659,,TRVs30GeoM_3Arcsec.tif,C0F54FC735ABBEA202C7C6A44E590D82,0.0,0.0,0.0
309,42.38185817002582,41.30102727729793,506.8955383300781,direct,,TRVs30GeoM_9Arcsec.tif,B66C0EC63B18E8FC8DBFD4E41201F4AC,505.7266540527344,direct,valid,601,17262,,TRVs30GeoM_3Arcsec.tif,C0F54FC735ABBEA202C7C6A44E590D82,-1.16888427734375,1.16888427734375,-0.23059667899120484
310,42.935287266968686,41.10935440482272,537.5999755859375,direct,,TRVs30GeoM_9Arcsec.tif,B66C0EC63B18E8FC8DBFD4E41201F4AC,537.5999755859375,direct,valid,585,17945,,TRVs30GeoM_3Arcsec.tif,C0F54FC735ABBEA202C7C6A44E590D82,0.0,0.0,0.0
311,43.48581857106326,40.91463883219449,535.4801025390625,direct,,TRVs30GeoM_9Arcsec.tif,B66C0EC63B18E8FC8DBFD4E41201F4AC,532.794921875,direct,valid,568,18629,,TRVs30GeoM_3Arcsec.tif,C0F54FC735ABBEA202C7C6A44E590D82,-2.6851806640625,2.6851806640625,-0.5014529300585207
