location_id,longitude,latitude,vs30_m_s,vs30_status,direct_status,raster_row,raster_column,fallback_distance_m,source_raster,source_raster_md5
1,27.69836368910688,36.72096108226829,249.61154174804688,nearest_valid,nodata,4277,1215,785.0992841011663,TRVs30GeoM_9Arcsec.tif,B66C0EC63B18E8FC8DBFD4E41201F4AC
2,29.327564169136853,36.39455464027055,512.3291015625,direct,valid,4267,1819,,TRVs30GeoM_9Arcsec.tif,B66C0EC63B18E8FC8DBFD4E41201F4AC
3,29.867739251599968,36.27950272914779,444.1215515136719,direct,valid,4264,2020,,TRVs30GeoM_9Arcsec.tif,B66C0EC63B18E8FC8DBFD4E41201F4AC
4,27.812520356913147,37.16167480728152,416.2839050292969,direct,valid,4076,1209,,TRVs30GeoM_9Arcsec.tif,B66C0EC63B18E8FC8DBFD4E41201F4AC
5,28.36015699826684,37.05523302606474,419.6947937011719,direct,valid,4073,1409,,TRVs30GeoM_9Arcsec.tif,B66C0EC63B18E8FC8DBFD4E41201F4AC
6,28.90634871473881,36.94562940880127,537.6055297851562,direct,valid,4070,1609,,TRVs30GeoM_9Arcsec.tif,B66C0EC63B18E8FC8DBFD4E41201F4AC
7,29.45106411136452,36.8328772139447,600.7100219726562,direct,valid,4067,1810,,TRVs30GeoM_9Arcsec.tif,B66C0EC63B18E8FC8DBFD4E41201F4AC
8,29.994272814771403,36.71698994271946,421.3836364746094,direct,valid,4064,2011,,TRVs30GeoM_9Arcsec.tif,B66C0EC63B18E8FC8DBFD4E41201F4AC
9,30.535945483414405,36.59798132724053,361.19775390625,direct,valid,4061,2211,,TRVs30GeoM_9Arcsec.tif,B66C0EC63B18E8FC8DBFD4E41201F4AC
10,32.68672555867665,36.0910154761869,576.5399780273438,direct,valid,4047,3017,,TRVs30GeoM_9Arcsec.tif,B66C0EC63B18E8FC8DBFD4E41201F4AC
11,27.37647198696236,37.70594421844185,365.6109924316406,direct,valid,3879,1001,,TRVs30GeoM_9Arcsec.tif,B66C0EC63B18E8FC8DBFD4E41201F4AC
12,27.928765973795198,37.60190569498504,460.6383056640625,direct,valid,3877,1201,,TRVs30GeoM_9Arcsec.tif,B66C0EC63B18E8FC8DBFD4E41201F4AC
13,28.479607457505445,37.49467199987921,576.5399780273438,direct,valid,3874,1401,,TRVs30GeoM_9Arcsec.tif,B66C0EC63B18E8FC8DBFD4E41201F4AC
14,29.028963277033085,37.384256519078185,420.2082214355469,direct,valid,3871,1601,,TRVs30GeoM_9Arcsec.tif,B66C0EC63B18E8FC8DBFD4E41201F4AC
15,29.5768013203776,37.27067289867793,413.7246398925781,direct,valid,3868,1801,,TRVs30GeoM_9Arcsec.tif,B66C0EC63B18E8FC8DBFD4E41201F4AC
16,30.12309053619455,37.15393503266164,520.7107543945312,direct,valid,3865,2001,,TRVs30GeoM_9Arcsec.tif,B66C0EC63B18E8FC8DBFD4E41201F4AC
17,30.66780094401345,37.03405705056574,319.2999572753906,direct,valid,3862,2202,,TRVs30GeoM_9Arcsec.tif,B66C0EC63B18E8FC8DBFD4E41201F4AC
18,31.21090364309496,36.91105330508504,346.513671875,direct,valid,3859,2403,,TRVs30GeoM_9Arcsec.tif,B66C0EC63B18E8FC8DBFD4E41201F4AC
19,31.75237081994863,36.78493835963457,433.94403076171875,direct,valid,3855,2604,,TRVs30GeoM_9Arcsec.tif,B66C0EC63B18E8FC8DBFD4E41201F4AC
20,32.292175754535066,36.65572697588564,576.5399780273438,direct,valid,3852,2805,,TRVs30GeoM_9Arcsec.tif,B66C0EC63B18E8FC8DBFD4E41201F4AC
21,32.830292825178866,36.52343410129269,459.2327575683594,direct,valid,3848,3006,,TRVs30GeoM_9Arcsec.tif,B66C0EC63B18E8FC8DBFD4E41201F4AC
22,33.36669751222091,36.38807485662762,445.5190734863281,direct,valid,3845,3208,,TRVs30GeoM_9Arcsec.tif,B66C0EC63B18E8FC8DBFD4E41201F4AC
23,26.37603488009032,38.34642733343527,289.8257141113281,nearest_valid,nodata,3689,600,1462.8408471895862,TRVs30GeoM_9Arcsec.tif,B66C0EC63B18E8FC8DBFD4E41201F4AC
24,26.93450807089659,38.24807464160599,600.7100219726562,direct,valid,3683,795,,TRVs30GeoM_9Arcsec.tif,B66C0EC63B18E8FC8DBFD4E41201F4AC
25,27.491558562072004,38.14647942535193,264.477294921875,direct,valid,3681,994,,TRVs30GeoM_9Arcsec.tif,B66C0EC63B18E8FC8DBFD4E41201F4AC
26,28.04715028256068,38.041654895825566,576.5399780273438,direct,valid,3678,1193,,TRVs30GeoM_9Arcsec.tif,B66C0EC63B18E8FC8DBFD4E41201F4AC
27,28.601248223537706,37.93361455511884,435.82220458984375,direct,valid,3675,1393,,TRVs30GeoM_9Arcsec.tif,B66C0EC63B18E8FC8DBFD4E41201F4AC
28,29.15381845299078,37.82237218374227,398.863037109375,direct,valid,3673,1592,,TRVs30GeoM_9Arcsec.tif,B66C0EC63B18E8FC8DBFD4E41201F4AC
29,29.70482812881885,37.70794182798869,600.7100219726562,direct,valid,3670,1792,,TRVs30GeoM_9Arcsec.tif,B66C0EC63B18E8FC8DBFD4E41201F4AC
30,30.25424551046159,37.59033778720124,457.3770446777344,direct,valid,3667,1992,,TRVs30GeoM_9Arcsec.tif,B66C0EC63B18E8FC8DBFD4E41201F4AC
31,30.802039969076837,37.46957460096505,451.2735595703125,direct,valid,3664,2193,,TRVs30GeoM_9Arcsec.tif,B66C0EC63B18E8FC8DBFD4E41201F4AC
32,31.34818199628632,37.34566703624191,600.7100219726562,direct,valid,3660,2393,,TRVs30GeoM_9Arcsec.tif,B66C0EC63B18E8FC8DBFD4E41201F4AC
33,31.89264321151313,37.21863007446594,600.7100219726562,direct,valid,3657,2594,,TRVs30GeoM_9Arcsec.tif,B66C0EC63B18E8FC8DBFD4E41201F4AC
34,32.43539636793712,37.08847889861916,572.5615234375,direct,valid,3653,2795,,TRVs30GeoM_9Arcsec.tif,B66C0EC63B18E8FC8DBFD4E41201F4AC
35,32.976415357097224,36.95522888030389,600.7100219726562,direct,valid,3650,2996,,TRVs30GeoM_9Arcsec.tif,B66C0EC63B18E8FC8DBFD4E41201F4AC
36,33.51567521217214,36.81889556682967,438.1084899902344,direct,valid,3646,3197,,TRVs30GeoM_9Arcsec.tif,B66C0EC63B18E8FC8DBFD4E41201F4AC
37,34.05315210997315,36.67949466833073,458.8939208984375,direct,valid,3642,3399,,TRVs30GeoM_9Arcsec.tif,B66C0EC63B18E8FC8DBFD4E41201F4AC
38,36.18479369961207,36.09153440869359,449.14178466796875,direct,valid,3626,4209,,TRVs30GeoM_9Arcsec.tif,B66C0EC63B18E8FC8DBFD4E41201F4AC
39,27.04833743448202,38.68892326225698,537.5999755859375,direct,valid,3485,787,,TRVs30GeoM_9Arcsec.tif,B66C0EC63B18E8FC8DBFD4E41201F4AC
40,27.60878134728513,38.58654862739613,273.7044372558594,direct,valid,3482,986,,TRVs30GeoM_9Arcsec.tif,B66C0EC63B18E8FC8DBFD4E41201F4AC
41,28.16772469576237,38.48092332630997,297.76702880859375,direct,valid,3480,1185,,TRVs30GeoM_9Arcsec.tif,B66C0EC63B18E8FC8DBFD4E41201F4AC
42,28.725131642390245,38.37206126242352,553.3207397460938,direct,valid,3477,1385,,TRVs30GeoM_9Arcsec.tif,B66C0EC63B18E8FC8DBFD4E41201F4AC
43,29.28096746915477,38.25997662378592,453.71917724609375,direct,valid,3474,1584,,TRVs30GeoM_9Arcsec.tif,B66C0EC63B18E8FC8DBFD4E41201F4AC
44,29.83519859074117,38.14468386993303,530.4912719726562,direct,valid,3472,1784,,TRVs30GeoM_9Arcsec.tif,B66C0EC63B18E8FC8DBFD4E41201F4AC
45,30.387792566174863,38.02619771865637,511.5866394042969,direct,valid,3469,1983,,TRVs30GeoM_9Arcsec.tif,B66C0EC63B18E8FC8DBFD4E41201F4AC
46,30.93871810893301,37.90453313269919,600.7100219726562,direct,valid,3465,2183,,TRVs30GeoM_9Arcsec.tif,B66C0EC63B18E8FC8DBFD4E41201F4AC
47,31.48794509554942,37.77970530639941,174.0323028564453,nearest_valid,nodata,3477,2369,5324.282150709412,TRVs30GeoM_9Arcsec.tif,B66C0EC63B18E8FC8DBFD4E41201F4AC
48,32.03544457273861,37.65172965229903,483.4779052734375,direct,valid,3459,2584,,TRVs30GeoM_9Arcsec.tif,B66C0EC63B18E8FC8DBFD4E41201F4AC
49,32.581188763067985,37.52062178773912,600.7100219726562,direct,valid,3455,2785,,TRVs30GeoM_9Arcsec.tif,B66C0EC63B18E8FC8DBFD4E41201F4AC
50,33.125151069209814,37.38639752145882,537.5999755859375,direct,valid,3452,2986,,TRVs30GeoM_9Arcsec.tif,B66C0EC63B18E8FC8DBFD4E41201F4AC
51,33.66730607680735,37.24907284021617,406.625,direct,valid,3448,3187,,TRVs30GeoM_9Arcsec.tif,B66C0EC63B18E8FC8DBFD4E41201F4AC
52,34.20762955599211,37.108663895448274,413.3904724121094,direct,valid,3444,3388,,TRVs30GeoM_9Arcsec.tif,B66C0EC63B18E8FC8DBFD4E41201F4AC
53,34.74609846159084,36.96518698998718,435.5585021972656,direct,valid,3440,3590,,TRVs30GeoM_9Arcsec.tif,B66C0EC63B18E8FC8DBFD4E41201F4AC
54,35.28269093206378,36.81865856484759,254.17575073242188,direct,valid,3436,3792,,TRVs30GeoM_9Arcsec.tif,B66C0EC63B18E8FC8DBFD4E41201F4AC
55,36.3501650247302,36.51651353185552,574.7426147460938,direct,valid,3428,4197,,TRVs30GeoM_9Arcsec.tif,B66C0EC63B18E8FC8DBFD4E41201F4AC
56,27.16429886150565,39.12932169354253,537.5999755859375,direct,valid,3287,780,,TRVs30GeoM_9Arcsec.tif,B66C0EC63B18E8FC8DBFD4E41201F4AC
57,27.728192482780084,39.02615285189753,457.6072692871094,direct,valid,3285,979,,TRVs30GeoM_9Arcsec.tif,B66C0EC63B18E8FC8DBFD4E41201F4AC
58,28.290542362066432,38.91971166128295,450.2194519042969,direct,valid,3282,1178,,TRVs30GeoM_9Arcsec.tif,B66C0EC63B18E8FC8DBFD4E41201F4AC
59,28.851311815912176,38.810012439872,438.607421875,direct,valid,3279,1377,,TRVs30GeoM_9Arcsec.tif,B66C0EC63B18E8FC8DBFD4E41201F4AC
60,29.41046532512941,38.69706979675155,448.17181396484375,direct,valid,3277,1576,,TRVs30GeoM_9Arcsec.tif,B66C0EC63B18E8FC8DBFD4E41201F4AC
61,29.96796854805596,38.580898618260015,447.7120666503906,direct,valid,3274,1775,,TRVs30GeoM_9Arcsec.tif,B66C0EC63B18E8FC8DBFD4E41201F4AC
62,30.52378833218374,38.46151405423436,537.5999755859375,direct,valid,3271,1975,,TRVs30GeoM_9Arcsec.tif,B66C0EC63B18E8FC8DBFD4E41201F4AC
63,31.07789272417605,38.33893150418781,425.9591369628906,direct,valid,3268,2175,,TRVs30GeoM_9Arcsec.tif,B66C0EC63B18E8FC8DBFD4E41201F4AC
64,31.63025097829894,38.21316660343932,357.7516784667969,direct,valid,3265,2375,,TRVs30GeoM_9Arcsec.tif,B66C0EC63B18E8FC8DBFD4E41201F4AC
65,32.180833563295366,38.08423520921518,576.5399780273438,direct,valid,3261,2575,,TRVs30GeoM_9Arcsec.tif,B66C0EC63B18E8FC8DBFD4E41201F4AC
66,32.729612167733904,37.95215338674287,352.16064453125,direct,valid,3258,2775,,TRVs30GeoM_9Arcsec.tif,B66C0EC63B18E8FC8DBFD4E41201F4AC
67,33.27655970386688,37.816937395356426,412.3872375488281,direct,valid,3254,2976,,TRVs30GeoM_9Arcsec.tif,B66C0EC63B18E8FC8DBFD4E41201F4AC
68,33.821650310035366,37.67860367463222,351.2305908203125,direct,valid,3251,3177,,TRVs30GeoM_9Arcsec.tif,B66C0EC63B18E8FC8DBFD4E41201F4AC
69,34.36485935166117,37.53716883057294,433.042724609375,direct,valid,3247,3378,,TRVs30GeoM_9Arcsec.tif,B66C0EC63B18E8FC8DBFD4E41201F4AC
70,34.90616342086814,37.39264962185748,600.1805419921875,direct,valid,3243,3579,,TRVs30GeoM_9Arcsec.tif,B66C0EC63B18E8FC8DBFD4E41201F4AC
71,35.445540334777355,37.24506294617298,435.80328369140625,direct,valid,3239,3781,,TRVs30GeoM_9Arcsec.tif,B66C0EC63B18E8FC8DBFD4E41201F4AC
72,35.982969132522314,37.09442582664533,264.1910400390625,direct,valid,3235,3983,,TRVs30GeoM_9Arcsec.tif,B66C0EC63B18E8FC8DBFD4E41201F4AC
73,36.51843007103232,36.94075539838291,600.6758422851562,direct,valid,3230,4185,,TRVs30GeoM_9Arcsec.tif,B66C0EC63B18E8FC8DBFD4E41201F4AC
74,37.05190461963332,36.78406889514814,597.0223999023438,direct,valid,3226,4388,,TRVs30GeoM_9Arcsec.tif,B66C0EC63B18E8FC8DBFD4E41201F4AC
75,26.71349486296508,39.66994047687324,576.5399780273438,direct,valid,3092,576,,TRVs30GeoM_9Arcsec.tif,B66C0EC63B18E8FC8DBFD4E41201F4AC
76,27.282445186661697,39.569271083172126,537.5999755859375,direct,valid,3089,774,,TRVs30GeoM_9Arcsec.tif,B66C0EC63B18E8FC8DBFD4E41201F4AC
77,27.849845891918065,39.46529288763372,537.5999755859375,direct,valid,3087,972,,TRVs30GeoM_9Arcsec.tif,B66C0EC63B18E8FC8DBFD4E41201F4AC
78,28.41565823577763,39.3580203257534,595.5006103515625,direct,valid,3085,1171,,TRVs30GeoM_9Arcsec.tif,B66C0EC63B18E8FC8DBFD4E41201F4AC
79,28.979844671420302,39.24746814441138,295.7789306640625,nearest_valid,outside_model_range,3081,1369,270.33295009106126,TRVs30GeoM_9Arcsec.tif,B66C0EC63B18E8FC8DBFD4E41201F4AC
80,29.5423688632149,39.13365138777182,418.7412414550781,direct,valid,3079,1568,,TRVs30GeoM_9Arcsec.tif,B66C0EC63B18E8FC8DBFD4E41201F4AC
81,30.103195700029477,39.01658538307148,421.0323486328125,direct,valid,3076,1767,,TRVs30GeoM_9Arcsec.tif,B66C0EC63B18E8FC8DBFD4E41201F4AC
82,30.66229130681988,38.89628572632051,576.5399780273438,direct,valid,3074,1967,,TRVs30GeoM_9Arcsec.tif,B66C0EC63B18E8FC8DBFD4E41201F4AC
83,31.21962305452092,38.772768267938105,576.5399780273438,direct,valid,3071,2166,,TRVs30GeoM_9Arcsec.tif,B66C0EC63B18E8FC8DBFD4E41201F4AC
84,31.77515956826793,38.64604909834551,574.7212524414062,direct,valid,3067,2366,,TRVs30GeoM_9Arcsec.tif,B66C0EC63B18E8FC8DBFD4E41201F4AC
85,32.32887073398079,38.51614453353741,400.47369384765625,direct,valid,3064,2566,,TRVs30GeoM_9Arcsec.tif,B66C0EC63B18E8FC8DBFD4E41201F4AC
86,32.88072770334502,38.38307110065308,334.04925537109375,direct,valid,3061,2766,,TRVs30GeoM_9Arcsec.tif,B66C0EC63B18E8FC8DBFD4E41201F4AC
87,33.43070289722835,38.24684552356719,403.3796691894531,direct,valid,3057,2966,,TRVs30GeoM_9Arcsec.tif,B66C0EC63B18E8FC8DBFD4E41201F4AC
88,33.97877000757363,38.107484708520346,426.2925109863281,direct,valid,3054,3167,,TRVs30GeoM_9Arcsec.tif,B66C0EC63B18E8FC8DBFD4E41201F4AC
89,34.52490399781175,37.96500572980777,535.904052734375,direct,valid,3050,3368,,TRVs30GeoM_9Arcsec.tif,B66C0EC63B18E8FC8DBFD4E41201F4AC
90,35.06908110184059,37.81942581554456,519.6965942382812,direct,valid,3046,3569,,TRVs30GeoM_9Arcsec.tif,B66C0EC63B18E8FC8DBFD4E41201F4AC
91,35.611278821618285,37.67076233352466,600.7100219726562,direct,valid,3042,3770,,TRVs30GeoM_9Arcsec.tif,B66C0EC63B18E8FC8DBFD4E41201F4AC
92,36.15147592342068,37.51903277719032,463.2667541503906,direct,valid,3038,3972,,TRVs30GeoM_9Arcsec.tif,B66C0EC63B18E8FC8DBFD4E41201F4AC
93,36.68965243281496,37.36425475172738,600.7100219726562,direct,valid,3033,4174,,TRVs30GeoM_9Arcsec.tif,B66C0EC63B18E8FC8DBFD4E41201F4AC
94,37.22578962840265,37.20644596030164,488.2951354980469,direct,valid,3029,4376,,TRVs30GeoM_9Arcsec.tif,B66C0EC63B18E8FC8DBFD4E41201F4AC
95,37.75987003438628,37.04562419045001,478.5408935546875,direct,valid,3024,4578,,TRVs30GeoM_9Arcsec.tif,B66C0EC63B18E8FC8DBFD4E41201F4AC
96,38.821796749967135,36.71501320700875,346.2952880859375,direct,valid,3015,4984,,TRVs30GeoM_9Arcsec.tif,B66C0EC63B18E8FC8DBFD4E41201F4AC
97,26.830269986054727,40.11024381602152,537.5999755859375,direct,valid,2895,569,,TRVs30GeoM_9Arcsec.tif,B66C0EC63B18E8FC8DBFD4E41201F4AC
98,27.40283107497407,40.00877234376844,537.5999755859375,direct,valid,2892,767,,TRVs30GeoM_9Arcsec.tif,B66C0EC63B18E8FC8DBFD4E41201F4AC
99,27.973797353865372,39.903969276608166,537.5999755859375,direct,valid,2890,965,,TRVs30GeoM_9Arcsec.tif,B66C0EC63B18E8FC8DBFD4E41201F4AC
100,28.543129149689825,39.795849486245295,600.7100219726562,direct,valid,2888,1164,,TRVs30GeoM_9Arcsec.tif,B66C0EC63B18E8FC8DBFD4E41201F4AC
101,29.11078803463584,39.68442816279457,619.1500244140625,direct,valid,2885,1362,,TRVs30GeoM_9Arcsec.tif,B66C0EC63B18E8FC8DBFD4E41201F4AC
102,29.676736841292104,39.569720800102296,419.533203125,direct,valid,2882,1561,,TRVs30GeoM_9Arcsec.tif,B66C0EC63B18E8FC8DBFD4E41201F4AC
103,30.24093967598165,39.45174318095948,576.5399780273438,direct,valid,2880,1760,,TRVs30GeoM_9Arcsec.tif,B66C0EC63B18E8FC8DBFD4E41201F4AC
104,30.80336193028008,39.33051136223099,576.5399780273438,direct,valid,2877,1959,,TRVs30GeoM_9Arcsec.tif,B66C0EC63B18E8FC8DBFD4E41201F4AC
105,31.36397029074492,39.2060416599246,412.9768981933594,direct,valid,2874,2158,,TRVs30GeoM_9Arcsec.tif,B66C0EC63B18E8FC8DBFD4E41201F4AC
106,31.92273274688748,39.078350634223085,425.2662658691406,direct,valid,2871,2357,,TRVs30GeoM_9Arcsec.tif,B66C0EC63B18E8FC8DBFD4E41201F4AC
107,32.479618597422046,38.94745507450225,517.856689453125,direct,valid,2867,2557,,TRVs30GeoM_9Arcsec.tif,B66C0EC63B18E8FC8DBFD4E41201F4AC
108,33.034598454831034,38.81337198435645,340.79681396484375,direct,valid,2864,2757,,TRVs30GeoM_9Arcsec.tif,B66C0EC63B18E8FC8DBFD4E41201F4AC
109,33.587644248287745,38.67611856665329,285.192626953125,nearest_valid,nodata,2844,2979,7004.6779899862295,TRVs30GeoM_9Arcsec.tif,B66C0EC63B18E8FC8DBFD4E41201F4AC
110,34.13872922498166,38.53571220863781,619.1500244140625,direct,valid,2857,3157,,TRVs30GeoM_9Arcsec.tif,B66C0EC63B18E8FC8DBFD4E41201F4AC
111,34.687827949893595,38.392170467105785,360.6438293457031,direct,valid,2853,3358,,TRVs30GeoM_9Arcsec.tif,B66C0EC63B18E8FC8DBFD4E41201F4AC
112,35.234916304070964,38.24551105366531,339.58758544921875,direct,valid,2849,3559,,TRVs30GeoM_9Arcsec.tif,B66C0EC63B18E8FC8DBFD4E41201F4AC
113,35.779971481455135,38.09575182010447,600.7100219726562,direct,valid,2845,3760,,TRVs30GeoM_9Arcsec.tif,B66C0EC63B18E8FC8DBFD4E41201F4AC
114,36.32297198431528,37.94291074388236,576.5399780273438,direct,valid,2841,3961,,TRVs30GeoM_9Arcsec.tif,B66C0EC63B18E8FC8DBFD4E41201F4AC
115,36.86389761734446,37.787005913759856,469.52392578125,direct,valid,2837,4163,,TRVs30GeoM_9Arcsec.tif,B66C0EC63B18E8FC8DBFD4E41201F4AC
116,37.40272948047536,37.628055515585366,464.0740661621094,direct,valid,2832,4365,,TRVs30GeoM_9Arcsec.tif,B66C0EC63B18E8FC8DBFD4E41201F4AC
117,37.93944996047414,37.46607781825019,458.1355895996094,direct,valid,2828,4567,,TRVs30GeoM_9Arcsec.tif,B66C0EC63B18E8FC8DBFD4E41201F4AC
118,38.4740427213721,37.30109115982695,451.1153564453125,direct,valid,2823,4769,,TRVs30GeoM_9Arcsec.tif,B66C0EC63B18E8FC8DBFD4E41201F4AC
119,39.006492693795046,37.13311393390367,325.7251281738281,direct,valid,2818,4972,,TRVs30GeoM_9Arcsec.tif,B66C0EC63B18E8FC8DBFD4E41201F4AC
120,39.5367860632515,36.96216457612552,418.77618408203125,direct,valid,2813,5175,,TRVs30GeoM_9Arcsec.tif,B66C0EC63B18E8FC8DBFD4E41201F4AC
121,26.371447394800388,40.64903459878373,407.2633056640625,direct,valid,2700,366,,TRVs30GeoM_9Arcsec.tif,B66C0EC63B18E8FC8DBFD4E41201F4AC
122,28.100104579748663,40.3421823053369,576.5399780273438,direct,valid,2693,959,,TRVs30GeoM_9Arcsec.tif,B66C0EC63B18E8FC8DBFD4E41201F4AC
123,28.67301389143944,40.23319904164602,434.624755859375,direct,valid,2691,1157,,TRVs30GeoM_9Arcsec.tif,B66C0EC63B18E8FC8DBFD4E41201F4AC
124,29.244201706086056,40.120892001998726,576.5399780273438,direct,valid,2688,1355,,TRVs30GeoM_9Arcsec.tif,B66C0EC63B18E8FC8DBFD4E41201F4AC
125,29.813630009126157,40.00527714511901,425.595458984375,direct,valid,2686,1554,,TRVs30GeoM_9Arcsec.tif,B66C0EC63B18E8FC8DBFD4E41201F4AC
126,30.381262111349876,39.88637072459324,608.7828369140625,direct,valid,2683,1752,,TRVs30GeoM_9Arcsec.tif,B66C0EC63B18E8FC8DBFD4E41201F4AC
127,30.94706266031314,39.76418927340092,343.2217102050781,direct,valid,2680,1951,,TRVs30GeoM_9Arcsec.tif,B66C0EC63B18E8FC8DBFD4E41201F4AC
128,31.51099764986585,39.638749588390894,619.1500244140625,direct,valid,2677,2150,,TRVs30GeoM_9Arcsec.tif,B66C0EC63B18E8FC8DBFD4E41201F4AC
129,32.073034427829406,39.510068714727474,428.2435302734375,direct,valid,2674,2349,,TRVs30GeoM_9Arcsec.tif,B66C0EC63B18E8FC8DBFD4E41201F4AC
130,32.63314170186223,39.37816393033035,499.3263854980469,direct,valid,2671,2549,,TRVs30GeoM_9Arcsec.tif,B66C0EC63B18E8FC8DBFD4E41201F4AC
131,33.1912895435556,39.24305273033106,442.81707763671875,direct,valid,2668,2748,,TRVs30GeoM_9Arcsec.tif,B66C0EC63B18E8FC8DBFD4E41201F4AC
132,33.747449390805635,39.10475281156865,191.27317810058594,nearest_valid,nodata,2659,2950,1381.0076061140237,TRVs30GeoM_9Arcsec.tif,B66C0EC63B18E8FC8DBFD4E41201F4AC
133,34.30159404851024,38.96328205714568,500.1455078125,direct,valid,2660,3148,,TRVs30GeoM_9Arcsec.tif,B66C0EC63B18E8FC8DBFD4E41201F4AC
134,34.85369768764283,38.81865852106536,534.3407592773438,direct,valid,2657,3348,,TRVs30GeoM_9Arcsec.tif,B66C0EC63B18E8FC8DBFD4E41201F4AC
135,35.40373584275705,38.67090041296952,537.5999755859375,direct,valid,2653,3549,,TRVs30GeoM_9Arcsec.tif,B66C0EC63B18E8FC8DBFD4E41201F4AC
136,35.951685407979305,38.52002608299594,537.5999755859375,direct,valid,2649,3750,,TRVs30GeoM_9Arcsec.tif,B66C0EC63B18E8FC8DBFD4E41201F4AC
137,36.49752463154753,38.36605400677348,600.7100219726562,direct,valid,2645,3951,,TRVs30GeoM_9Arcsec.tif,B66C0EC63B18E8FC8DBFD4E41201F4AC
138,37.04123310895654,38.20900277057115,576.5294799804688,direct,valid,2641,4152,,TRVs30GeoM_9Arcsec.tif,B66C0EC63B18E8FC8DBFD4E41201F4AC
139,37.58279177477196,38.0488910566178,576.5399780273438,direct,valid,2636,4354,,TRVs30GeoM_9Arcsec.tif,B66C0EC63B18E8FC8DBFD4E41201F4AC
140,38.122182893175335,37.88573762860676,619.1500244140625,direct,valid,2632,4556,,TRVs30GeoM_9Arcsec.tif,B66C0EC63B18E8FC8DBFD4E41201F4AC
141,38.65939004730469,37.71956131739987,420.077880859375,direct,valid,2627,4758,,TRVs30GeoM_9Arcsec.tif,B66C0EC63B18E8FC8DBFD4E41201F4AC
142,39.194398127454846,37.55038100694362,537.5999755859375,direct,valid,2622,4961,,TRVs30GeoM_9Arcsec.tif,B66C0EC63B18E8FC8DBFD4E41201F4AC
143,39.72719331820265,37.3782156204095,530.8634643554688,direct,valid,2617,5163,,TRVs30GeoM_9Arcsec.tif,B66C0EC63B18E8FC8DBFD4E41201F4AC
144,40.2577630845222,37.20308410656944,528.6494140625,direct,valid,2612,5366,,TRVs30GeoM_9Arcsec.tif,B66C0EC63B18E8FC8DBFD4E41201F4AC
145,26.488968088567013,41.08928448177223,243.0297088623047,direct,valid,2504,360,,TRVs30GeoM_9Arcsec.tif,B66C0EC63B18E8FC8DBFD4E41201F4AC
146,27.070582434207815,40.98955554528828,324.740478515625,direct,valid,2502,557,,TRVs30GeoM_9Arcsec.tif,B66C0EC63B18E8FC8DBFD4E41201F4AC
147,29.380147541154155,40.556858879095685,537.5999755859375,direct,valid,2492,1348,,TRVs30GeoM_9Arcsec.tif,B66C0EC63B18E8FC8DBFD4E41201F4AC
148,29.953111188266483,40.44031923175131,383.7698059082031,direct,valid,2490,1547,,TRVs30GeoM_9Arcsec.tif,B66C0EC63B18E8FC8DBFD4E41201F4AC
149,30.5242267272893,40.32046641172607,600.7100219726562,direct,valid,2487,1745,,TRVs30GeoM_9Arcsec.tif,B66C0EC63B18E8FC8DBFD4E41201F4AC
150,31.09345805137606,40.19731744397758,535.0223999023438,direct,valid,2484,1943,,TRVs30GeoM_9Arcsec.tif,B66C0EC63B18E8FC8DBFD4E41201F4AC
151,31.660770453715006,40.07088962204292,304.8576965332031,direct,valid,2481,2142,,TRVs30GeoM_9Arcsec.tif,B66C0EC63B18E8FC8DBFD4E41201F4AC
152,32.22613063486308,39.94120049187214,600.7100219726562,direct,valid,2478,2341,,TRVs30GeoM_9Arcsec.tif,B66C0EC63B18E8FC8DBFD4E41201F4AC
153,32.78950670817389,39.80826783566438,545.1306762695312,direct,valid,2475,2540,,TRVs30GeoM_9Arcsec.tif,B66C0EC63B18E8FC8DBFD4E41201F4AC
154,33.350868203365806,39.67210965573072,449.58001708984375,direct,valid,2471,2740,,TRVs30GeoM_9Arcsec.tif,B66C0EC63B18E8FC8DBFD4E41201F4AC
155,33.91018606828075,39.53274415840682,476.37945556640625,direct,valid,2468,2939,,TRVs30GeoM_9Arcsec.tif,B66C0EC63B18E8FC8DBFD4E41201F4AC
156,34.467432668886644,39.3901897380382,402.7200012207031,direct,valid,2464,3139,,TRVs30GeoM_9Arcsec.tif,B66C0EC63B18E8FC8DBFD4E41201F4AC
157,35.02258178758028,39.24446496105929,492.7139892578125,direct,valid,2461,3339,,TRVs30GeoM_9Arcsec.tif,B66C0EC63B18E8FC8DBFD4E41201F4AC
158,35.575608619849234,39.09558855018729,430.0249938964844,direct,valid,2457,3540,,TRVs30GeoM_9Arcsec.tif,B66C0EC63B18E8FC8DBFD4E41201F4AC
159,36.126489769354585,38.94357936874966,495.9154052734375,direct,valid,2453,3740,,TRVs30GeoM_9Arcsec.tif,B66C0EC63B18E8FC8DBFD4E41201F4AC
160,36.67520324149756,38.78845640516469,619.1500244140625,direct,valid,2449,3941,,TRVs30GeoM_9Arcsec.tif,B66C0EC63B18E8FC8DBFD4E41201F4AC
161,37.22172843553528,38.63023875759182,446.1104431152344,direct,valid,2445,4142,,TRVs30GeoM_9Arcsec.tif,B66C0EC63B18E8FC8DBFD4E41201F4AC
162,37.76604613531235,38.46894561876885,560.0208129882812,direct,valid,2440,4343,,TRVs30GeoM_9Arcsec.tif,B66C0EC63B18E8FC8DBFD4E41201F4AC
163,38.30813849867578,38.30459626105106,502.46868896484375,direct,valid,2436,4545,,TRVs30GeoM_9Arcsec.tif,B66C0EC63B18E8FC8DBFD4E41201F4AC
164,38.84798904564202,38.13721002166683,576.5399780273438,direct,valid,2431,4747,,TRVs30GeoM_9Arcsec.tif,B66C0EC63B18E8FC8DBFD4E41201F4AC
165,39.385582645385306,37.96680628820294,537.5999755859375,direct,valid,2426,4949,,TRVs30GeoM_9Arcsec.tif,B66C0EC63B18E8FC8DBFD4E41201F4AC
166,39.92090550211677,37.7934044843319,535.904052734375,direct,valid,2421,5152,,TRVs30GeoM_9Arcsec.tif,B66C0EC63B18E8FC8DBFD4E41201F4AC
167,40.45394513992413,37.61702405579266,505.2450866699219,direct,valid,2416,5355,,TRVs30GeoM_9Arcsec.tif,B66C0EC63B18E8FC8DBFD4E41201F4AC
168,40.98469038664149,37.43768445663451,491.2444763183594,direct,valid,2411,5558,,TRVs30GeoM_9Arcsec.tif,B66C0EC63B18E8FC8DBFD4E41201F4AC
169,41.51313135681831,37.25540513573389,488.5272216796875,direct,valid,2405,5761,,TRVs30GeoM_9Arcsec.tif,B66C0EC63B18E8FC8DBFD4E41201F4AC
170,26.60877510208489,41.52911975891151,374.2494201660156,direct,valid,2308,355,,TRVs30GeoM_9Arcsec.tif,B66C0EC63B18E8FC8DBFD4E41201F4AC
171,27.19423644754487,41.42856530103737,393.7810974121094,direct,valid,2306,552,,TRVs30GeoM_9Arcsec.tif,B66C0EC63B18E8FC8DBFD4E41201F4AC
172,27.778001842368653,41.32459277417623,392.4464416503906,direct,valid,2303,749,,TRVs30GeoM_9Arcsec.tif,B66C0EC63B18E8FC8DBFD4E41201F4AC
173,28.360027310851105,41.21721809479402,349.6066589355469,direct,valid,2301,946,,TRVs30GeoM_9Arcsec.tif,B66C0EC63B18E8FC8DBFD4E41201F4AC
174,28.94027026737205,41.1064575358912,594.7554321289062,direct,valid,2299,1144,,TRVs30GeoM_9Arcsec.tif,B66C0EC63B18E8FC8DBFD4E41201F4AC
175,29.51868953397133,40.99232771054403,600.7100219726562,direct,valid,2296,1342,,TRVs30GeoM_9Arcsec.tif,B66C0EC63B18E8FC8DBFD4E41201F4AC
176,30.095245355730786,40.87484555531893,471.40081787109375,direct,valid,2294,1540,,TRVs30GeoM_9Arcsec.tif,B66C0EC63B18E8FC8DBFD4E41201F4AC
177,30.66989941399068,40.75402831358981,283.1601257324219,direct,valid,2291,1738,,TRVs30GeoM_9Arcsec.tif,B66C0EC63B18E8FC8DBFD4E41201F4AC
178,31.24261483743329,40.62989351878622,600.7100219726562,direct,valid,2288,1936,,TRVs30GeoM_9Arcsec.tif,B66C0EC63B18E8FC8DBFD4E41201F4AC
179,31.81335621107146,40.50245897760074,537.5999755859375,direct,valid,2285,2135,,TRVs30GeoM_9Arcsec.tif,B66C0EC63B18E8FC8DBFD4E41201F4AC
180,32.38208958318474,40.37174275318224,525.3312377929688,direct,valid,2282,2334,,TRVs30GeoM_9Arcsec.tif,B66C0EC63B18E8FC8DBFD4E41201F4AC
181,32.948782470250165,40.23776314834132,600.7100219726562,direct,valid,2279,2532,,TRVs30GeoM_9Arcsec.tif,B66C0EC63B18E8FC8DBFD4E41201F4AC
182,33.513403859918775,40.10053868879341,600.7100219726562,direct,valid,2276,2732,,TRVs30GeoM_9Arcsec.tif,B66C0EC63B18E8FC8DBFD4E41201F4AC
183,34.075924212092694,39.96008810646402,498.0765686035156,direct,valid,2272,2931,,TRVs30GeoM_9Arcsec.tif,B66C0EC63B18E8FC8DBFD4E41201F4AC
184,34.636315458161214,39.81643032287921,437.4578552246094,direct,valid,2269,3131,,TRVs30GeoM_9Arcsec.tif,B66C0EC63B18E8FC8DBFD4E41201F4AC
185,35.194550998457146,39.66958443266434,616.9863891601562,direct,valid,2265,3330,,TRVs30GeoM_9Arcsec.tif,B66C0EC63B18E8FC8DBFD4E41201F4AC
186,35.75060569799753,39.51956968717203,576.5399780273438,direct,valid,2261,3530,,TRVs30GeoM_9Arcsec.tif,B66C0EC63B18E8FC8DBFD4E41201F4AC
187,36.30445588057545,39.366405478259885,448.3022155761719,direct,valid,2258,3731,,TRVs30GeoM_9Arcsec.tif,B66C0EC63B18E8FC8DBFD4E41201F4AC
188,36.85607932127117,39.21011132223724,441.9340515136719,direct,valid,2254,3931,,TRVs30GeoM_9Arcsec.tif,B66C0EC63B18E8FC8DBFD4E41201F4AC
189,37.4054552374532,39.050706843999045,464.6650695800781,direct,valid,2249,4132,,TRVs30GeoM_9Arcsec.tif,B66C0EC63B18E8FC8DBFD4E41201F4AC
190,37.95256427834092,38.88821176136395,619.1500244140625,direct,valid,2245,4333,,TRVs30GeoM_9Arcsec.tif,B66C0EC63B18E8FC8DBFD4E41201F4AC
191,38.497388513201685,38.72264586963246,463.3088073730469,direct,valid,2241,4535,,TRVs30GeoM_9Arcsec.tif,B66C0EC63B18E8FC8DBFD4E41201F4AC
192,39.03991141825595,38.55402902637986,357.75457763671875,direct,valid,2236,4736,,TRVs30GeoM_9Arcsec.tif,B66C0EC63B18E8FC8DBFD4E41201F4AC
193,39.58011786236474,38.38238113649788,619.1500244140625,direct,valid,2231,4938,,TRVs30GeoM_9Arcsec.tif,B66C0EC63B18E8FC8DBFD4E41201F4AC
194,40.11799409157385,38.20772213749719,487.0408020019531,direct,valid,2226,5140,,TRVs30GeoM_9Arcsec.tif,B66C0EC63B18E8FC8DBFD4E41201F4AC
195,40.65352771258926,38.0300719850824,428.0439147949219,direct,valid,2221,5343,,TRVs30GeoM_9Arcsec.tif,B66C0EC63B18E8FC8DBFD4E41201F4AC
196,41.1867076752579,37.84945063900995,387.1775817871094,direct,valid,2216,5546,,TRVs30GeoM_9Arcsec.tif,B66C0EC63B18E8FC8DBFD4E41201F4AC
197,41.7175242541276,37.66587804923799,512.5012817382812,direct,valid,2210,5749,,TRVs30GeoM_9Arcsec.tif,B66C0EC63B18E8FC8DBFD4E41201F4AC
198,42.24596902915907,37.47937414237634,600.7100219726562,direct,valid,2205,5953,,TRVs30GeoM_9Arcsec.tif,B66C0EC63B18E8FC8DBFD4E41201F4AC
199,27.320303598891837,41.86714480472202,576.5399780273438,direct,valid,2110,546,,TRVs30GeoM_9Arcsec.tif,B66C0EC63B18E8FC8DBFD4E41201F4AC
200,27.90793197350734,41.76230564320424,576.5399780273438,direct,valid,2108,743,,TRVs30GeoM_9Arcsec.tif,B66C0EC63B18E8FC8DBFD4E41201F4AC
201,31.39460201858199,41.06191479063402,600.7100219726562,direct,valid,2093,1929,,TRVs30GeoM_9Arcsec.tif,B66C0EC63B18E8FC8DBFD4E41201F4AC
202,31.96882470353246,40.93345450667417,594.1270141601562,direct,valid,2090,2128,,TRVs30GeoM_9Arcsec.tif,B66C0EC63B18E8FC8DBFD4E41201F4AC
203,32.54098176438588,40.801691908159086,537.5999755859375,direct,valid,2087,2326,,TRVs30GeoM_9Arcsec.tif,B66C0EC63B18E8FC8DBFD4E41201F4AC
204,33.11104011893139,40.666645835463534,354.2043762207031,direct,valid,2084,2525,,TRVs30GeoM_9Arcsec.tif,B66C0EC63B18E8FC8DBFD4E41201F4AC
205,33.67896821343401,40.52833535453819,448.244140625,direct,valid,2080,2724,,TRVs30GeoM_9Arcsec.tif,B66C0EC63B18E8FC8DBFD4E41201F4AC
206,34.24473602295546,40.38677973958139,452.1221618652344,direct,valid,2077,2923,,TRVs30GeoM_9Arcsec.tif,B66C0EC63B18E8FC8DBFD4E41201F4AC
207,34.80831504974517,40.24199845581047,419.39495849609375,direct,valid,2074,3122,,TRVs30GeoM_9Arcsec.tif,B66C0EC63B18E8FC8DBFD4E41201F4AC
208,35.36967831976815,40.09401114235636,580.7123413085938,direct,valid,2070,3322,,TRVs30GeoM_9Arcsec.tif,B66C0EC63B18E8FC8DBFD4E41201F4AC
209,35.928800377439245,39.94283759530382,535.7010498046875,direct,valid,2066,3522,,TRVs30GeoM_9Arcsec.tif,B66C0EC63B18E8FC8DBFD4E41201F4AC
210,36.48565727863619,39.78849775089813,429.4677429199219,direct,valid,2062,3722,,TRVs30GeoM_9Arcsec.tif,B66C0EC63B18E8FC8DBFD4E41201F4AC
211,37.04022658206525,39.63101166893865,457.5965576171875,direct,valid,2058,3922,,TRVs30GeoM_9Arcsec.tif,B66C0EC63B18E8FC8DBFD4E41201F4AC
212,37.59248733905582,39.47039951637768,476.6583251953125,direct,valid,2054,4123,,TRVs30GeoM_9Arcsec.tif,B66C0EC63B18E8FC8DBFD4E41201F4AC
213,38.14242008186092,39.30668155114245,476.82525634765625,direct,valid,2050,4323,,TRVs30GeoM_9Arcsec.tif,B66C0EC63B18E8FC8DBFD4E41201F4AC
214,38.69000681054206,39.13987810619656,459.8590087890625,direct,valid,2046,4524,,TRVs30GeoM_9Arcsec.tif,B66C0EC63B18E8FC8DBFD4E41201F4AC
215,39.23523097851778,38.97000957385584,537.5999755859375,direct,valid,2041,4726,,TRVs30GeoM_9Arcsec.tif,B66C0EC63B18E8FC8DBFD4E41201F4AC
216,39.77807747685498,38.79709639037304,523.709716796875,direct,valid,2036,4928,,TRVs30GeoM_9Arcsec.tif,B66C0EC63B18E8FC8DBFD4E41201F4AC
217,40.3185326173833,38.62115902080354,576.5399780273438,direct,valid,2031,5130,,TRVs30GeoM_9Arcsec.tif,B66C0EC63B18E8FC8DBFD4E41201F4AC
218,40.8565841147114,38.44221794416428,435.7065124511719,direct,valid,2026,5332,,TRVs30GeoM_9Arcsec.tif,B66C0EC63B18E8FC8DBFD4E41201F4AC
219,41.3922210672249,38.26029363889579,582.1966552734375,direct,valid,2021,5534,,TRVs30GeoM_9Arcsec.tif,B66C0EC63B18E8FC8DBFD4E41201F4AC
220,41.92543393714404,38.07540656863709,619.1500244140625,direct,valid,2016,5737,,TRVs30GeoM_9Arcsec.tif,B66C0EC63B18E8FC8DBFD4E41201F4AC
221,42.45621452971892,37.88757716832112,576.5399780273438,direct,valid,2010,5941,,TRVs30GeoM_9Arcsec.tif,B66C0EC63B18E8FC8DBFD4E41201F4AC
222,42.98455597163872,37.6968258305983,568.3587036132812,direct,valid,2004,6144,,TRVs30GeoM_9Arcsec.tif,B66C0EC63B18E8FC8DBFD4E41201F4AC
223,43.5104526887302,37.503172892593774,600.7100219726562,direct,valid,1998,6348,,TRVs30GeoM_9Arcsec.tif,B66C0EC63B18E8FC8DBFD4E41201F4AC
224,32.12724807530359,41.36387268192554,537.5999755859375,direct,valid,1895,2121,,TRVs30GeoM_9Arcsec.tif,B66C0EC63B18E8FC8DBFD4E41201F4AC
225,32.70288003523498,41.23104397401816,450.1291809082031,direct,valid,1892,2319,,TRVs30GeoM_9Arcsec.tif,B66C0EC63B18E8FC8DBFD4E41201F4AC
226,33.2763531496317,41.09491145873179,576.5399780273438,direct,valid,1889,2517,,TRVs30GeoM_9Arcsec.tif,B66C0EC63B18E8FC8DBFD4E41201F4AC
227,33.847635325026566,40.95549475971331,537.5999755859375,direct,valid,1885,2716,,TRVs30GeoM_9Arcsec.tif,B66C0EC63B18E8FC8DBFD4E41201F4AC
228,34.41669605582694,40.81281371072964,449.4459228515625,direct,valid,1882,2915,,TRVs30GeoM_9Arcsec.tif,B66C0EC63B18E8FC8DBFD4E41201F4AC
229,34.98350642177497,40.66688833779436,537.5999755859375,direct,valid,1879,3114,,TRVs30GeoM_9Arcsec.tif,B66C0EC63B18E8FC8DBFD4E41201F4AC
230,35.548039083457624,40.51773884143387,437.2521057128906,direct,valid,1875,3314,,TRVs30GeoM_9Arcsec.tif,B66C0EC63B18E8FC8DBFD4E41201F4AC
231,36.110268275942175,40.3653855791167,364.2544250488281,direct,valid,1871,3513,,TRVs30GeoM_9Arcsec.tif,B66C0EC63B18E8FC8DBFD4E41201F4AC
232,36.67016980061532,40.20984904786767,619.1500244140625,direct,valid,1868,3713,,TRVs30GeoM_9Arcsec.tif,B66C0EC63B18E8FC8DBFD4E41201F4AC
233,37.227721015306265,40.05114986708789,618.48388671875,direct,valid,1864,3913,,TRVs30GeoM_9Arcsec.tif,B66C0EC63B18E8FC8DBFD4E41201F4AC
234,37.782900822775545,39.88930876159981,438.1587829589844,direct,valid,1860,4113,,TRVs30GeoM_9Arcsec.tif,B66C0EC63B18E8FC8DBFD4E41201F4AC
235,38.33568965765315,39.72434654493565,447.51953125,direct,valid,1855,4314,,TRVs30GeoM_9Arcsec.tif,B66C0EC63B18E8FC8DBFD4E41201F4AC
236,38.88606947191002,39.55628410288591,537.5999755859375,direct,valid,1851,4515,,TRVs30GeoM_9Arcsec.tif,B66C0EC63B18E8FC8DBFD4E41201F4AC
237,39.43402371894801,39.38514237732356,619.1500244140625,direct,valid,1846,4716,,TRVs30GeoM_9Arcsec.tif,B66C0EC63B18E8FC8DBFD4E41201F4AC
238,39.97953733639344,39.210942350318334,537.5999755859375,direct,valid,1842,4917,,TRVs30GeoM_9Arcsec.tif,B66C0EC63B18E8FC8DBFD4E41201F4AC
239,40.522596727679726,39.03370502855385,537.5999755859375,direct,valid,1837,5119,,TRVs30GeoM_9Arcsec.tif,B66C0EC63B18E8FC8DBFD4E41201F4AC
240,41.063189742503695,38.85345142805938,537.5999755859375,direct,valid,1832,5321,,TRVs30GeoM_9Arcsec.tif,B66C0EC63B18E8FC8DBFD4E41201F4AC
241,41.60130565624036,38.67020255926717,576.5399780273438,direct,valid,1827,5523,,TRVs30GeoM_9Arcsec.tif,B66C0EC63B18E8FC8DBFD4E41201F4AC
242,42.136935148399466,38.48397941240376,552.7262573242188,direct,valid,1821,5726,,TRVs30GeoM_9Arcsec.tif,B66C0EC63B18E8FC8DBFD4E41201F4AC
243,42.67007028020628,38.29480294322424,576.5399780273438,direct,valid,1816,5929,,TRVs30GeoM_9Arcsec.tif,B66C0EC63B18E8FC8DBFD4E41201F4AC
244,43.20070447138824,38.10269405909594,576.5399780273438,direct,valid,1810,6132,,TRVs30GeoM_9Arcsec.tif,B66C0EC63B18E8FC8DBFD4E41201F4AC
245,43.728832476246495,37.90767360543753,537.9388427734375,direct,valid,1804,6336,,TRVs30GeoM_9Arcsec.tif,B66C0EC63B18E8FC8DBFD4E41201F4AC
246,44.25445035909105,37.70976235251805,576.5399780273438,direct,valid,1798,6540,,TRVs30GeoM_9Arcsec.tif,B66C0EC63B18E8FC8DBFD4E41201F4AC
247,32.86785971045566,41.65979456066122,600.7100219726562,direct,valid,1697,2312,,TRVs30GeoM_9Arcsec.tif,B66C0EC63B18E8FC8DBFD4E41201F4AC
248,33.444797513838466,41.52255515900016,449.5407409667969,direct,valid,1694,2510,,TRVs30GeoM_9Arcsec.tif,B66C0EC63B18E8FC8DBFD4E41201F4AC
249,34.01948170678295,41.38201157695592,576.5399780273438,direct,valid,1691,2709,,TRVs30GeoM_9Arcsec.tif,B66C0EC63B18E8FC8DBFD4E41201F4AC
250,34.59188130842567,41.238184225796175,576.5399780273438,direct,valid,1687,2908,,TRVs30GeoM_9Arcsec.tif,B66C0EC63B18E8FC8DBFD4E41201F4AC
251,35.16196698394322,41.09109371005216,600.7100219726562,direct,valid,1684,3106,,TRVs30GeoM_9Arcsec.tif,B66C0EC63B18E8FC8DBFD4E41201F4AC
252,35.729711038947386,40.9407608091312,416.62835693359375,direct,valid,1681,3306,,TRVs30GeoM_9Arcsec.tif,B66C0EC63B18E8FC8DBFD4E41201F4AC
253,36.29508741192155,40.78720645911132,445.3791198730469,direct,valid,1677,3505,,TRVs30GeoM_9Arcsec.tif,B66C0EC63B18E8FC8DBFD4E41201F4AC
254,36.85807166478312,40.63045173474038,512.1145629882812,direct,valid,1673,3704,,TRVs30GeoM_9Arcsec.tif,B66C0EC63B18E8FC8DBFD4E41201F4AC
255,37.41864097165869,40.47051783166179,618.8026123046875,direct,valid,1669,3904,,TRVs30GeoM_9Arcsec.tif,B66C0EC63B18E8FC8DBFD4E41201F4AC
256,37.97677410596052,40.30742604888621,619.12255859375,direct,valid,1665,4104,,TRVs30GeoM_9Arcsec.tif,B66C0EC63B18E8FC8DBFD4E41201F4AC
257,38.5324514258542,40.14119777152859,545.0187377929688,direct,valid,1661,4305,,TRVs30GeoM_9Arcsec.tif,B66C0EC63B18E8FC8DBFD4E41201F4AC
258,39.08565485820786,39.97185445382736,483.9147644042969,direct,valid,1657,4505,,TRVs30GeoM_9Arcsec.tif,B66C0EC63B18E8FC8DBFD4E41201F4AC
259,39.63636788111455,39.79941760246207,619.1500244140625,direct,valid,1652,4706,,TRVs30GeoM_9Arcsec.tif,B66C0EC63B18E8FC8DBFD4E41201F4AC
260,40.18457550507881,39.62390876018369,435.2808837890625,direct,valid,1647,4907,,TRVs30GeoM_9Arcsec.tif,B66C0EC63B18E8FC8DBFD4E41201F4AC
261,40.73026425295892,39.44534948977105,530.8173828125,direct,valid,1643,5109,,TRVs30GeoM_9Arcsec.tif,B66C0EC63B18E8FC8DBFD4E41201F4AC
262,41.27342213875534,39.263761358325205,403.1685791015625,direct,valid,1638,5311,,TRVs30GeoM_9Arcsec.tif,B66C0EC63B18E8FC8DBFD4E41201F4AC
263,41.81403864533565,39.07916592191211,356.8906555175781,direct,valid,1632,5513,,TRVs30GeoM_9Arcsec.tif,B66C0EC63B18E8FC8DBFD4E41201F4AC
264,42.35210470118456,38.891584710563,537.5999755859375,direct,valid,1627,5715,,TRVs30GeoM_9Arcsec.tif,B66C0EC63B18E8FC8DBFD4E41201F4AC
265,42.887612656266974,38.70103921364054,220.89083862304688,nearest_valid,nodata,1589,5900,9485.553743290959,TRVs30GeoM_9Arcsec.tif,B66C0EC63B18E8FC8DBFD4E41201F4AC
266,43.420556257090176,38.5075508655773,406.58233642578125,direct,valid,1616,6121,,TRVs30GeoM_9Arcsec.tif,B66C0EC63B18E8FC8DBFD4E41201F4AC
267,43.9509306210494,38.31114103199241,521.9302978515625,direct,valid,1610,6324,,TRVs30GeoM_9Arcsec.tif,B66C0EC63B18E8FC8DBFD4E41201F4AC
268,33.61645171466469,41.949571640011015,578.09033203125,direct,valid,1499,2504,,TRVs30GeoM_9Arcsec.tif,B66C0EC63B18E8FC8DBFD4E41201F4AC
269,34.194586415748496,41.80788002812139,611.6973876953125,direct,valid,1496,2702,,TRVs30GeoM_9Arcsec.tif,B66C0EC63B18E8FC8DBFD4E41201F4AC
270,34.77037131351163,41.662885026533125,600.7100219726562,direct,valid,1493,2900,,TRVs30GeoM_9Arcsec.tif,B66C0EC63B18E8FC8DBFD4E41201F4AC
271,35.34377666794147,41.51460783665575,614.709716796875,direct,valid,1490,3099,,TRVs30GeoM_9Arcsec.tif,B66C0EC63B18E8FC8DBFD4E41201F4AC
272,35.91477444162001,41.36306983487982,600.7100219726562,direct,valid,1486,3298,,TRVs30GeoM_9Arcsec.tif,B66C0EC63B18E8FC8DBFD4E41201F4AC
273,36.48333829085251,41.20829255371199,261.2767333984375,direct,valid,1483,3497,,TRVs30GeoM_9Arcsec.tif,B66C0EC63B18E8FC8DBFD4E41201F4AC
274,37.04944355484163,41.05029766313624,619.1500244140625,direct,valid,1479,3696,,TRVs30GeoM_9Arcsec.tif,B66C0EC63B18E8FC8DBFD4E41201F4AC
275,37.61306724300135,40.88910695222355,600.7100219726562,direct,valid,1475,3896,,TRVs30GeoM_9Arcsec.tif,B66C0EC63B18E8FC8DBFD4E41201F4AC
276,38.17418802050582,40.72474231101067,619.1500244140625,direct,valid,1471,4096,,TRVs30GeoM_9Arcsec.tif,B66C0EC63B18E8FC8DBFD4E41201F4AC
277,38.732786192170245,40.55722571266727,619.1500244140625,direct,valid,1467,4296,,TRVs30GeoM_9Arcsec.tif,B66C0EC63B18E8FC8DBFD4E41201F4AC
278,39.288843684761055,40.38657919596919,600.7100219726562,direct,valid,1463,4496,,TRVs30GeoM_9Arcsec.tif,B66C0EC63B18E8FC8DBFD4E41201F4AC
279,39.8423440278335,40.21282484809435,549.0767822265625,direct,valid,1458,4697,,TRVs30GeoM_9Arcsec.tif,B66C0EC63B18E8FC8DBFD4E41201F4AC
280,40.39327233319441,40.03598478775554,600.7100219726562,direct,valid,1453,4898,,TRVs30GeoM_9Arcsec.tif,B66C0EC63B18E8FC8DBFD4E41201F4AC
281,40.94161527308801,39.85608114868425,537.5999755859375,direct,valid,1449,5099,,TRVs30GeoM_9Arcsec.tif,B66C0EC63B18E8FC8DBFD4E41201F4AC
282,41.48736105720132,39.67313606347664,406.0848693847656,direct,valid,1444,5301,,TRVs30GeoM_9Arcsec.tif,B66C0EC63B18E8FC8DBFD4E41201F4AC
283,42.03049940858551,39.48717164781292,576.5399780273438,direct,valid,1439,5502,,TRVs30GeoM_9Arcsec.tif,B66C0EC63B18E8FC8DBFD4E41201F4AC
284,42.57102153858751,39.29820998505886,537.5999755859375,direct,valid,1433,5704,,TRVs30GeoM_9Arcsec.tif,B66C0EC63B18E8FC8DBFD4E41201F4AC
285,43.108920120885394,39.106273111257465,537.5999755859375,direct,valid,1428,5907,,TRVs30GeoM_9Arcsec.tif,B66C0EC63B18E8FC8DBFD4E41201F4AC
286,43.64418926471844,38.91138300051731,535.6008911132812,direct,valid,1422,6110,,TRVs30GeoM_9Arcsec.tif,B66C0EC63B18E8FC8DBFD4E41201F4AC
287,44.17682448740173,38.71356155080296,420.60577392578125,direct,valid,1417,6313,,TRVs30GeoM_9Arcsec.tif,B66C0EC63B18E8FC8DBFD4E41201F4AC
288,38.93677722780187,40.972420283171616,619.1500244140625,direct,valid,1273,4287,,TRVs30GeoM_9Arcsec.tif,B66C0EC63B18E8FC8DBFD4E41201F4AC
289,39.49571909858484,40.80044778902895,619.1500244140625,direct,valid,1269,4488,,TRVs30GeoM_9Arcsec.tif,B66C0EC63B18E8FC8DBFD4E41201F4AC
290,40.05203511772502,40.62535312599842,609.095947265625,direct,valid,1264,4688,,TRVs30GeoM_9Arcsec.tif,B66C0EC63B18E8FC8DBFD4E41201F4AC
291,40.60571052901054,40.44715900445944,619.1500244140625,direct,valid,1260,4889,,TRVs30GeoM_9Arcsec.tif,B66C0EC63B18E8FC8DBFD4E41201F4AC
292,41.15673218632065,40.26588814434975,537.5999755859375,direct,valid,1255,5090,,TRVs30GeoM_9Arcsec.tif,B66C0EC63B18E8FC8DBFD4E41201F4AC
293,41.70508852872559,40.08156325855301,537.5999755859375,direct,valid,1250,5291,,TRVs30GeoM_9Arcsec.tif,B66C0EC63B18E8FC8DBFD4E41201F4AC
294,42.25076955448307,39.894207036685685,537.5999755859375,direct,valid,1245,5492,,TRVs30GeoM_9Arcsec.tif,B66C0EC63B18E8FC8DBFD4E41201F4AC
295,42.79376679403261,39.70384212929231,537.5999755859375,direct,valid,1240,5694,,TRVs30GeoM_9Arcsec.tif,B66C0EC63B18E8FC8DBFD4E41201F4AC
296,43.33407328208632,39.51049113245673,537.5999755859375,direct,valid,1235,5896,,TRVs30GeoM_9Arcsec.tif,B66C0EC63B18E8FC8DBFD4E41201F4AC
297,43.87168352891327,39.31417657283573,537.5999755859375,direct,valid,1229,6099,,TRVs30GeoM_9Arcsec.tif,B66C0EC63B18E8FC8DBFD4E41201F4AC
298,40.82197523280503,40.85741936414967,619.1500244140625,direct,valid,1067,4880,,TRVs30GeoM_9Arcsec.tif,B66C0EC63B18E8FC8DBFD4E41201F4AC
299,41.37569978034522,40.67475798937051,560.1820068359375,direct,valid,1062,5081,,TRVs30GeoM_9Arcsec.tif,B66C0EC63B18E8FC8DBFD4E41201F4AC
300,41.926688929415135,40.48903002379566,540.3002319335938,direct,valid,1057,5282,,TRVs30GeoM_9Arcsec.tif,B66C0EC63B18E8FC8DBFD4E41201F4AC
301,42.47493299098696,40.30025874564381,537.5999755859375,direct,valid,1052,5483,,TRVs30GeoM_9Arcsec.tif,B66C0EC63B18E8FC8DBFD4E41201F4AC
302,43.02042385331604,40.10846738679795,426.73468017578125,direct,valid,1047,5685,,TRVs30GeoM_9Arcsec.tif,B66C0EC63B18E8FC8DBFD4E41201F4AC
303,43.56315495196356,39.91367911703061,537.5999755859375,direct,valid,1042,5886,,TRVs30GeoM_9Arcsec.tif,B66C0EC63B18E8FC8DBFD4E41201F4AC
304,44.10312123901409,39.71591702867863,537.5999755859375,direct,valid,1036,6089,,TRVs30GeoM_9Arcsec.tif,B66C0EC63B18E8FC8DBFD4E41201F4AC
305,41.598605305389576,41.08267754767554,619.1500244140625,direct,valid,869,5072,,TRVs30GeoM_9Arcsec.tif,B66C0EC63B18E8FC8DBFD4E41201F4AC
306,42.15224905047704,40.89552278239917,537.5999755859375,direct,valid,864,5273,,TRVs30GeoM_9Arcsec.tif,B66C0EC63B18E8FC8DBFD4E41201F4AC
307,42.70307599224188,40.70531276695041,537.5999755859375,direct,valid,859,5474,,TRVs30GeoM_9Arcsec.tif,B66C0EC63B18E8FC8DBFD4E41201F4AC
308,43.2510784181305,40.51207132902601,537.5999755859375,direct,valid,854,5675,,TRVs30GeoM_9Arcsec.tif,B66C0EC63B18E8FC8DBFD4E41201F4AC
309,42.38185817002582,41.30102727729793,506.8955383300781,direct,valid,672,5264,,TRVs30GeoM_9Arcsec.tif,B66C0EC63B18E8FC8DBFD4E41201F4AC
310,42.935287266968686,41.10935440482272,537.5999755859375,direct,valid,667,5465,,TRVs30GeoM_9Arcsec.tif,B66C0EC63B18E8FC8DBFD4E41201F4AC
311,43.48581857106326,40.91463883219449,535.4801025390625,direct,valid,662,5666,,TRVs30GeoM_9Arcsec.tif,B66C0EC63B18E8FC8DBFD4E41201F4AC
