event_id,origin_time,magnitude,magnitude_type,rake,source_latitude,source_longitude,depth_source,source_depth_km,source_within_30_km,receiver_count,receivers_within_200_km,minimum_repi_km,minimum_rhypo_km,median_pga_g,mean_pga_g,maximum_pga_g,median_structural_loss_ratio,mean_structural_loss_ratio,maximum_structural_loss_ratio,locations_with_nonzero_structural_loss
85,1963-09-18 16:58:00,5.9,Mw,-82.0,40.7,28.95,waveform,15.0,True,311,33,39.63678955481503,42.38012607594147,0.00044225450168684495,0.0013519045302903805,0.03298448744398232,0.0,0.0,0.0,0
96,1964-06-14 12:15:00,5.8,Mw,-28.0,38.15,38.55,waveform,11.0,True,311,46,26.098225437733337,28.32167669822448,0.0006165537398149658,0.001918382551556177,0.0611875260294875,0.0,6.430868167202573e-11,1e-08,2
96,1964-06-14 12:15:00,5.8,Mw,-28.0,38.15,38.55,isc_ehb,10.0,True,311,46,26.098225437733337,27.948477078344563,0.0006166160890672646,0.0019292180955934252,0.06249383548364078,0.0,6.430868167202573e-11,1e-08,2
106,1964-10-06 14:31:00,6.3,Mw,-90.0,40.3,28.23,waveform,14.0,True,311,38,11.969627762163931,18.41933735954596,0.0008320928717876098,0.0029167110823793032,0.1733718050179241,0.0,6.430868167202573e-11,1e-08,2
159,1966-05-09 00:42:00,5.5,Mw,110.0,34.42,26.48,waveform,16.0,True,311,0,278.5695526144728,279.0286645558616,0.0001028569060818455,0.00015062115746121118,0.0011946966913359929,0.0,0.0,0.0,0
159,1966-05-09 00:42:00,5.5,Mw,110.0,34.42,26.48,isc_ehb,14.0,True,311,0,278.5695526144728,278.9211279982704,0.00010286299688105191,0.0001506480818687029,0.0011955207563273033,0.0,0.0,0.0,0
184,1967-01-11 11:20:00,5.6,Mw,81.0,34.07,45.66,waveform,10.0,True,311,0,424.050896326172,424.16879031233526,9.29076366947525e-05,0.00012137109262861818,0.0004768788402571482,0.0,0.0,0.0,0
184,1967-01-11 11:20:00,5.6,Mw,81.0,34.07,45.66,isc_ehb,22.0,True,311,0,424.050896326172,424.6211990410157,9.288339141055489e-05,0.00012129801808595095,0.00047598029373864504,0.0,0.0,0.0,0
200,1967-07-22 16:56:00,7.2,Mw,-178.0,40.67,30.75,waveform,12.0,True,311,36,11.527446487574037,16.63977230985698,0.0054517915445875574,0.010292999621648882,0.3748431217412811,0.0,0.00026833092466837946,0.083450857571866,7
200,1967-07-22 16:56:00,7.2,Mw,-178.0,40.67,30.75,isc_ehb,24.0,True,311,34,11.527446487574037,26.624838450662626,0.005442881205786684,0.009636745049142617,0.23486640488418414,0.0,4.223938816428177e-06,0.001313584971909163,7
237,1968-09-03 08:19:00,6.3,Mw,80.0,41.82,32.42,waveform,4.0,True,311,21,41.20863849877782,41.402317410055126,0.0012940043808752693,0.002512686961578004,0.06422742227274611,0.0,3.2154340836012864e-11,1e-08,1
237,1968-09-03 08:19:00,6.3,Mw,80.0,41.82,32.42,isc_ehb,6.0,True,311,21,41.20863849877782,41.64314933963273,0.0012939487580945967,0.002509063920035548,0.06365907998354707,0.0,3.2154340836012864e-11,1e-08,1
260,1969-03-03 00:59:00,5.7,Mw,68.0,40.06,27.5,waveform,5.0,True,311,33,10.044163473555287,11.21985828268353,0.0002864696072790515,0.0018377051119525937,0.23170772847300675,0.0,3.550762263071568e-06,0.0011042870638152576,1
260,1969-03-03 00:59:00,5.7,Mw,68.0,40.06,27.5,isc_ehb,9.0,True,311,33,10.044163473555287,13.486482858162175,0.0002864458591764454,0.0016801803499853691,0.1847402955178054,0.0,6.054146473484202e-08,1.882839553253587e-05,1
265,1969-03-23 21:08:00,5.8,Mw,-92.0,39.1,28.5,waveform,8.0,True,311,45,27.007698829746246,28.167637389001527,0.00036873333807866044,0.0016687157972893826,0.06053313509101733,0.0,3.2154340836012864e-11,1e-08,1
265,1969-03-23 21:08:00,5.8,Mw,-92.0,39.1,28.5,isc_ehb,10.0,True,311,45,27.007698829746246,28.799579789960074,0.0003686956564502505,0.001652371774322663,0.0584551579738889,0.0,3.2154340836012864e-11,1e-08,1
266,1969-03-25 13:21:00,5.9,Mw,-96.0,39.25,28.5,waveform,10.0,True,311,44,14.033368141245642,17.231814222180095,0.00044354770189095267,0.0020398822875828137,0.12763029176474958,0.0,3.2154340836012864e-11,1e-08,1
266,1969-03-25 13:21:00,5.9,Mw,-96.0,39.25,28.5,isc_ehb,10.0,True,311,44,14.033368141245642,17.231814222180095,0.00044354770189095267,0.0020398822875828137,0.12763029176474958,0.0,3.2154340836012864e-11,1e-08,1
267,1969-03-28 01:48:00,6.7,Mw,-97.0,38.48,28.47,waveform,3.0,True,311,45,25.25864709495717,25.43618000147798,0.0018565096450891003,0.006036751562157887,0.17299855995504773,0.0,1.607717041800643e-10,1e-08,5
267,1969-03-28 01:48:00,6.7,Mw,-97.0,38.48,28.47,isc_ehb,1.0,True,311,45,25.25864709495717,25.278434545429988,0.0018565336689798666,0.006047747497284648,0.1741865421377944,0.0,1.607717041800643e-10,1e-08,5
2275,1969-06-12 15:13:00,6.0,Mw,44.0,34.39,25.02,waveform,19.0,True,311,0,354.770294386129,355.2787099993759,0.00021321209093392869,0.0002872670259833705,0.0016937355001623504,0.0,0.0,0.0,0
2275,1969-06-12 15:13:00,6.0,Mw,44.0,34.39,25.02,isc_ehb,20.0,True,311,0,354.770294386129,355.33359224652634,0.00021320609309331926,0.00028724626227263905,0.0016933009179722364,0.0,0.0,0.0,0
302,1970-03-28 21:02:00,7.2,Mw,-97.0,39.16,29.51,waveform,8.0,True,311,46,4.0466643285302375,8.965237988352516,0.004513268273458148,0.011207423561216642,0.6229286891074066,0.0,0.002324194733405865,0.722824482089224,9
302,1970-03-28 21:02:00,7.2,Mw,-97.0,39.16,29.51,isc_ehb,17.0,True,311,46,4.0466643285302375,17.474996199936612,0.0045099319206195875,0.010191032380566878,0.34460271987265695,0.0,0.00014090097737566262,0.04382012396383107,9
305,1970-04-16 10:42:00,5.5,Mw,-102.0,38.96,29.93,waveform,8.0,True,311,51,16.23775768874587,18.101513051632608,0.000304430923367274,0.001266328126865113,0.08882607982944137,0.0,3.2154340836012864e-11,1e-08,1
306,1970-04-19 13:29:00,5.8,Mw,-87.0,38.97,29.79,waveform,10.0,True,311,50,27.558512179380642,29.316745957576384,0.0005076566045959758,0.0017859548084940586,0.05810902991897024,0.0,6.430868167202573e-11,1e-08,2
306,1970-04-19 13:29:00,5.8,Mw,-87.0,38.97,29.79,isc_ehb,17.0,True,311,50,27.558512179380642,32.38011107981366,0.0005072469009405944,0.0017089299358269156,0.049641635645117116,0.0,0.0,0.0,0
334,1971-05-12 12:57:00,5.5,Mw,-89.0,37.49,29.6,waveform,12.0,True,311,42,24.47408417881126,27.25767408256874,0.0002293978377795688,0.0010688259945392966,0.04713379408616706,0.0,0.0,0.0,0
334,1971-05-12 12:57:00,5.5,Mw,-89.0,37.49,29.6,isc_ehb,25.0,True,311,41,24.47408417881126,34.985436918688606,0.00022907245647407632,0.0009445807830593201,0.031120935044587114,0.0,0.0,0.0,0
335,1971-05-22 16:44:00,6.6,Mw,3.0,38.86,40.57,waveform,9.0,True,311,49,19.745379593395995,21.6997699362758,0.0019814044808229565,0.005997632349118892,0.21038450460688016,0.0,1.234816988755943e-06,0.0003839980835030983,4
335,1971-05-22 16:44:00,6.6,Mw,3.0,38.86,40.57,isc_ehb,5.0,True,311,49,19.745379593395995,20.368603665624676,0.0019816332120053816,0.006086517285754921,0.22845436327829804,0.0,2.8577008255390692e-06,0.0008887149567426505,4
337,1971-05-25 05:43:00,5.8,Mw,-102.0,39.02,29.72,waveform,7.0,True,311,49,19.86995062007312,21.066915712655806,0.0005050509962841134,0.0018687024662952592,0.09627869900239817,0.0,3.2154340836012864e-11,1e-08,1
337,1971-05-25 05:43:00,5.8,Mw,-102.0,39.02,29.72,isc_ehb,14.0,True,311,49,19.86995062007312,24.306685040213612,0.0005047358030531618,0.0017772774032212095,0.07777418290452713,0.0,3.2154340836012864e-11,1e-08,1
455,1975-03-27 05:15:00,6.1,Mw,-145.0,40.42,26.09,waveform,15.0,True,311,15,34.847123753706384,37.93839788270095,0.00042725193886458993,0.00124107513193303,0.061034667155601255,0.0,3.2154340836012864e-11,1e-08,1
455,1975-03-27 05:15:00,6.1,Mw,-145.0,40.42,26.09,isc_ehb,10.0,True,311,15,34.847123753706384,36.253579601276996,0.0004273295812191173,0.0012595460379551838,0.06543055357474996,0.0,3.2154340836012864e-11,1e-08,1
474,1975-09-06 09:20:00,6.6,Mw,50.0,38.56,40.8,waveform,5.0,True,311,47,13.991836991751931,14.858381553983522,0.002051369613603523,0.0068774942707588585,0.3749910833367652,0.0,0.0002690081795809556,0.0836614938496772,6
474,1975-09-06 09:20:00,6.6,Mw,50.0,38.56,40.8,isc_ehb,22.0,True,311,46,13.991836991751931,26.072428011287283,0.002049104303715546,0.006066998536068452,0.18899958883132761,0.0,2.0876383889417792e-07,6.488555389608933e-05,5
478,1975-09-22 00:44:00,5.6,Mw,131.0,35.26,26.26,waveform,64.0,False,311,0,207.6886647420168,217.32597972244795,0.00013455395636435065,0.00021647789886834206,0.0022005890431125957,0.0,0.0,0.0,0
478,1975-09-22 00:44:00,5.6,Mw,131.0,35.26,26.26,isc_ehb,54.0,False,311,0,207.6886647420168,214.59399213939298,0.00013471482020845858,0.000217567979895528,0.002250092256719547,0.0,0.0,0.0,0
2287,1977-11-28 02:59:00,5.6,Mw,32.0,36.0,27.8,waveform,66.0,False,311,9,80.68226041755528,104.23831899108028,0.00017117118695161046,0.00036044823636143154,0.007243304505956378,0.0,0.0,0.0,0
2287,1977-11-28 02:59:00,5.6,Mw,32.0,36.0,27.8,isc_ehb,84.0,False,311,8,80.68226041755528,116.47157226588044,0.00017048359771753373,0.000346444393233803,0.005974685029101277,0.0,0.0,0.0,0
2287,1977-11-28 02:59:00,5.6,Mw,32.0,36.0,27.8,global_cmt,85.0,False,311,8,80.68226041755528,117.19482559433334,0.00017044075528381805,0.0003456582362784408,0.005910726750486292,0.0,0.0,0.0,0
2277,1979-08-22 20:13:00,5.3,Mw,-106.0,35.91,27.41,waveform,68.0,False,311,5,93.803052232625,115.8577257163137,7.801862756272367e-05,0.00016492596006333903,0.003467174354937283,0.0,0.0,0.0,0
2277,1979-08-22 20:13:00,5.3,Mw,-106.0,35.91,27.41,isc_ehb,86.0,False,311,5,93.803052232625,127.25962677988875,7.771529451416576e-05,0.0001592780529825206,0.0029213040971172097,0.0,0.0,0.0,0
2277,1979-08-22 20:13:00,5.3,Mw,-106.0,35.91,27.41,global_cmt,94.0,False,311,3,93.803052232625,132.79688478332832,7.755868654005504e-05,0.0001567001017745616,0.0027025434760989037,0.0,0.0,0.0,0
648,1980-05-02 05:31:00,5.6,Mw,104.0,36.35,29.39,waveform,22.0,True,311,21,7.46946528121715,23.23344381677646,0.0002708168069718492,0.000995516628627082,0.07709431737033155,0.0,3.2154340836012864e-11,1e-08,1
648,1980-05-02 05:31:00,5.6,Mw,104.0,36.35,29.39,isc_ehb,40.0,False,311,21,7.46946528121715,40.69143535914294,0.0002701120419675024,0.0007904509160976395,0.030618857981433285,0.0,0.0,0.0,0
648,1980-05-02 05:31:00,5.6,Mw,104.0,36.35,29.39,global_cmt,15.0,True,311,21,7.46946528121715,16.756876546281184,0.0002709809284401833,0.0011715361293769592,0.12635885551093717,0.0,3.2154340836012864e-11,1e-08,1
710,1981-12-19 14:10:00,6.9,Mw,175.0,39.19,25.26,waveform,10.0,True,311,8,134.75894543710376,135.12946893746127,0.0016041660894676587,0.002814753189785004,0.026098550404807314,0.0,0.0,0.0,0
710,1981-12-19 14:10:00,6.9,Mw,175.0,39.19,25.26,isc_ehb,16.0,True,311,8,134.75894543710376,135.70546553223383,0.0016038636129703616,0.0028109889776946257,0.025945256115382755,0.0,0.0,0.0,0
710,1981-12-19 14:10:00,6.9,Mw,175.0,39.19,25.26,global_cmt,10.0,True,311,8,134.75894543710376,135.12946893746127,0.0016041660894676587,0.002814753189785004,0.026098550404807314,0.0,0.0,0.0,0
751,1983-03-19 21:41:00,5.6,Mw,139.0,35.05,25.29,waveform,67.0,False,311,0,285.6335974653671,293.3863527858911,0.00010498633578608664,0.00015619070178388467,0.001181501017399598,0.0,0.0,0.0,0
751,1983-03-19 21:41:00,5.6,Mw,139.0,35.05,25.29,isc_ehb,66.0,False,311,0,285.6335974653671,293.1596015842008,0.00010499914676154235,0.0001562476642256782,0.0011831133404981457,0.0,0.0,0.0,0
751,1983-03-19 21:41:00,5.6,Mw,139.0,35.05,25.29,global_cmt,65.0,False,311,0,285.6335974653671,292.93608859443617,0.00010501176834624075,0.0001563038416182222,0.0011847060073108167,0.0,0.0,0.0,0
774,1983-10-10 10:17:00,5.4,Mw,176.0,40.23,26.8,waveform,11.0,True,311,24,13.562405571676743,17.46249824311082,0.00012566886709492372,0.0007572804448038125,0.08719482389145589,0.0,3.2154340836012864e-11,1e-08,1
774,1983-10-10 10:17:00,5.4,Mw,176.0,40.23,26.8,isc_ehb,11.0,True,311,24,13.562405571676743,17.46249824311082,0.00012566886709492372,0.0007572804448038125,0.08719482389145589,0.0,3.2154340836012864e-11,1e-08,1
774,1983-10-10 10:17:00,5.4,Mw,176.0,40.23,26.8,global_cmt,15.0,True,311,24,13.562405571676743,20.222236396863934,0.00012564536838567116,0.0006962620023832823,0.06947389145078835,0.0,3.2154340836012864e-11,1e-08,1
781,1983-10-30 04:12:00,6.6,Mw,5.0,40.35,42.18,waveform,9.0,True,311,37,25.606930912156905,27.142492714192205,0.0013978548383326442,0.005046446885562819,0.1557045108568614,0.0,1.2861736334405146e-10,1e-08,4
781,1983-10-30 04:12:00,6.6,Mw,5.0,40.35,42.18,isc_ehb,11.0,True,311,37,25.606930912156905,27.86960550025739,0.001397761024009838,0.005000438295250318,0.15013706120123788,0.0,1.2861736334405146e-10,1e-08,4
781,1983-10-30 04:12:00,6.6,Mw,5.0,40.35,42.18,global_cmt,11.0,True,311,37,25.606930912156905,27.86960550025739,0.001397761024009838,0.005000438295250318,0.15013706120123788,0.0,1.2861736334405146e-10,1e-08,4
797,1984-05-06 09:12:00,5.4,Mw,-161.0,38.77,25.64,waveform,9.0,True,311,11,79.46195214300963,79.97000586706214,0.00010133028563472149,0.0002769182817031796,0.008224525894525117,0.0,0.0,0.0,0
797,1984-05-06 09:12:00,5.4,Mw,-161.0,38.77,25.64,isc_ehb,12.0,True,311,11,79.46195214300963,80.36293821394258,0.00010132172521553105,0.0002764281000650105,0.00815297703453807,0.0,0.0,0.0,0
797,1984-05-06 09:12:00,5.4,Mw,-161.0,38.77,25.64,global_cmt,10.0,True,311,11,79.46195214300963,80.08871230315764,0.00010132770376114939,0.00027676987982783717,0.008202809131004832,0.0,0.0,0.0,0
842,1985-09-27 16:39:00,5.8,Mw,9.0,34.27,26.58,waveform,38.0,False,311,0,290.7266357015504,293.1995509995573,0.00016937935037971756,0.00023772668214825794,0.0016635909849271582,0.0,0.0,0.0,0
842,1985-09-27 16:39:00,5.8,Mw,9.0,34.27,26.58,isc_ehb,41.0,False,311,0,290.7266357015504,293.60343442531797,0.0001693419314872629,0.00023757932108799037,0.001659676342137152,0.0,0.0,0.0,0
842,1985-09-27 16:39:00,5.8,Mw,9.0,34.27,26.58,global_cmt,43.0,False,311,0,290.7266357015504,293.8893953621702,0.000169315417531763,0.00023747505947990956,0.0016569134548031254,0.0,0.0,0.0,0
856,1986-03-25 01:41:00,5.5,Mw,-22.0,38.4,25.1,waveform,6.0,True,311,5,111.39701001244082,111.55847722029841,0.0001098838539760423,0.00024545380064103846,0.00525197108028554,0.0,0.0,0.0,0
856,1986-03-25 01:41:00,5.5,Mw,-22.0,38.4,25.1,isc_ehb,4.0,True,311,5,111.39701001244082,111.46880209149033,0.00010988676128359591,0.0002455183772628305,0.005259464192977754,0.0,0.0,0.0,0
856,1986-03-25 01:41:00,5.5,Mw,-22.0,38.4,25.1,global_cmt,15.0,True,311,5,111.39701001244082,112.40237470672868,0.00010985638794683737,0.00024484851062728024,0.00518226011077267,0.0,0.0,0.0,0
857,1986-03-29 18:36:00,5.3,Mw,152.0,38.37,25.17,waveform,14.0,True,311,5,105.1899606493347,106.11751891845465,7.419673846425183e-05,0.00017619680346573504,0.0042746454406864115,0.0,0.0,0.0,0
857,1986-03-29 18:36:00,5.3,Mw,152.0,38.37,25.17,isc_ehb,10.0,True,311,5,105.1899606493347,105.66422204989057,7.420650749610867e-05,0.0001764578289098824,0.004308164184157228,0.0,0.0,0.0,0
860,1986-05-05 03:35:00,6.0,Mw,31.0,38.03,37.77,waveform,4.0,True,311,48,16.528922216169995,17.006036270342307,0.000901464045390134,0.002792706607751006,0.1612295838956103,0.0,6.430868167202573e-11,1e-08,2
860,1986-05-05 03:35:00,6.0,Mw,31.0,38.03,37.77,isc_ehb,4.0,True,311,48,16.528922216169995,17.006036270342307,0.000901464045390134,0.002792706607751006,0.1612295838956103,0.0,6.430868167202573e-11,1e-08,2
860,1986-05-05 03:35:00,6.0,Mw,31.0,38.03,37.77,global_cmt,15.0,True,311,48,16.528922216169995,22.3205123065802,0.0009006835991461217,0.0025724757690070753,0.10932611644031318,0.0,3.2154340836012864e-11,1e-08,1
861,1986-05-13 08:44:00,5.8,Mw,6.0,41.44,43.72,waveform,13.0,True,311,12,61.61774221760564,62.974170546306524,0.00021800139339552704,0.0005709615155908088,0.016812376413875337,0.0,0.0,0.0,0
861,1986-05-13 08:44:00,5.8,Mw,6.0,41.44,43.72,isc_ehb,7.0,True,311,12,61.61774221760564,62.0140803043575,0.00021803898459237897,0.0005740681693306628,0.01725444528929925,0.0,0.0,0.0,0
861,1986-05-13 08:44:00,5.8,Mw,6.0,41.44,43.72,global_cmt,15.0,True,311,12,61.61774221760564,63.4172386342649,0.00021798385563447648,0.0005695509930037128,0.01661434354159371,0.0,0.0,0.0,0
2294,1986-05-22 19:52:00,5.3,Mw,99.0,34.61,26.57,waveform,27.0,True,311,0,255.90056329214946,257.32100243322424,7.126796325551632e-05,0.00010910729963783911,0.0009824033251842742,0.0,0.0,0.0,0
2294,1986-05-22 19:52:00,5.3,Mw,99.0,34.61,26.57,isc_ehb,48.0,False,311,0,255.90056329214946,260.36339660797057,7.115180486736554e-05,0.00010850897488721785,0.0009613851172266298,0.0,0.0,0.0,0
2294,1986-05-22 19:52:00,5.3,Mw,99.0,34.61,26.57,global_cmt,33.0,False,311,0,255.90056329214946,258.0195695935473,7.124137794431593e-05,0.00010896949611577096,0.0009775151382419142,0.0,0.0,0.0,0
862,1986-06-06 10:39:00,5.9,Mw,30.0,37.99,37.93,waveform,2.0,True,311,47,20.456329849468435,20.553866568367454,0.0007542416441678303,0.0023296440052689936,0.10871694536034333,0.0,6.430868167202573e-11,1e-08,2
862,1986-06-06 10:39:00,5.9,Mw,30.0,37.99,37.93,isc_ehb,10.0,True,311,47,20.456329849468435,22.769748152104214,0.0007539078603137176,0.002252283991876511,0.09324392254741201,0.0,6.430868167202573e-11,1e-08,2
862,1986-06-06 10:39:00,5.9,Mw,30.0,37.99,37.93,global_cmt,15.0,True,311,47,20.456329849468435,25.366541563844553,0.0007534737283618908,0.002174360255377405,0.07902137067942752,0.0,3.2154340836012864e-11,1e-08,1
876,1986-10-11 09:00:00,5.7,Mw,-36.0,37.91,28.53,waveform,9.0,True,311,40,6.778848692962922,11.267332852192,0.00031869192961534994,0.001980353936292808,0.21965658627954493,0.0,1.967435340502828e-06,0.0006118723908963795,1
876,1986-10-11 09:00:00,5.7,Mw,-36.0,37.91,28.53,isc_ehb,5.0,True,311,40,6.778848692962922,8.423347885614431,0.0003187376500429724,0.0022313259984689774,0.294993496125792,0.0,3.958280016412409e-05,0.01231025085104259,1
876,1986-10-11 09:00:00,5.7,Mw,-36.0,37.91,28.53,global_cmt,15.0,True,311,40,6.778848692962922,16.460643656980277,0.00031857442741264024,0.001691021295623286,0.13628034691837448,0.0,3.2154340836012864e-11,1e-08,1
2289,1987-06-19 18:46:00,5.2,Mw,88.0,36.8,28.2,waveform,65.0,False,311,22,31.75104913221087,72.34036992576185,0.00010257461429664156,0.0003395123406582967,0.0073047028131364026,0.0,0.0,0.0,0
2289,1987-06-19 18:46:00,5.2,Mw,88.0,36.8,28.2,isc_ehb,85.0,False,311,20,31.75104913221087,90.73659196264795,0.00010190146955033764,0.0002996634453102585,0.0051135726391186385,0.0,0.0,0.0,0
2289,1987-06-19 18:46:00,5.2,Mw,88.0,36.8,28.2,global_cmt,59.0,False,311,22,31.75104913221087,67.00096358259387,0.00010274298054895228,0.0003538605342179941,0.00819027291300154,0.0,0.0,0.0,0
914,1988-12-07 07:41:00,6.8,Mw,155.0,40.96,44.16,waveform,5.0,True,311,14,56.85510570065311,57.07453936942845,0.0013803865113502759,0.002956117217315878,0.06634521441322833,0.0,3.2154340836012864e-11,1e-08,1
914,1988-12-07 07:41:00,6.8,Mw,155.0,40.96,44.16,isc_ehb,5.0,True,311,14,56.85510570065311,57.07453936942845,0.0013803865113502759,0.002956117217315878,0.06634521441322833,0.0,3.2154340836012864e-11,1e-08,1
914,1988-12-07 07:41:00,6.8,Mw,155.0,40.96,44.16,global_cmt,15.0,True,311,14,56.85510570065311,58.8005360879681,0.0013800604822279264,0.0029386331421476478,0.06358682516554615,0.0,3.2154340836012864e-11,1e-08,1
921,1989-04-27 23:06:00,5.3,Mw,-103.0,37.1,28.2,waveform,7.0,True,311,27,15.054877222467992,16.602690389921314,0.00011015647912233878,0.0007678733597808818,0.08255994150159597,0.0,3.2154340836012864e-11,1e-08,1
921,1989-04-27 23:06:00,5.3,Mw,-103.0,37.1,28.2,isc_ehb,11.0,True,311,27,15.054877222467992,18.645356745945772,0.00011014024987712352,0.0007185541785084261,0.06928247855096724,0.0,3.2154340836012864e-11,1e-08,1
921,1989-04-27 23:06:00,5.3,Mw,-103.0,37.1,28.2,global_cmt,15.0,True,311,27,15.054877222467992,21.252042917884047,0.00011011681642723161,0.0006683170170824218,0.05640345218416782,0.0,3.2154340836012864e-11,1e-08,1
922,1989-04-28 13:30:00,5.3,Mw,-103.0,37.06,28.01,waveform,22.0,True,311,24,20.843952287814542,30.306275702842292,0.00010523035363265286,0.0005531938913973647,0.0313588067799685,0.0,0.0,0.0,0
922,1989-04-28 13:30:00,5.3,Mw,-103.0,37.06,28.01,isc_ehb,17.0,True,311,24,20.843952287814542,26.89740409364237,0.00010527033341616193,0.0005922092827909567,0.03840238583873681,0.0,0.0,0.0,0
922,1989-04-28 13:30:00,5.3,Mw,-103.0,37.06,28.01,global_cmt,15.0,True,311,24,20.843952287814542,25.680154730388388,0.00010528346188520504,0.0006082866368125638,0.0414996908643311,0.0,0.0,0.0,0
971,1990-07-09 11:22:00,5.2,Mw,-21.0,34.9,26.6,waveform,9.0,True,311,0,225.40292671204102,225.5825333893423,5.5435841236266486e-05,8.994170443898329e-05,0.0009631817354469416,0.0,0.0,0.0,0
971,1990-07-09 11:22:00,5.2,Mw,-21.0,34.9,26.6,isc_ehb,29.0,True,311,0,225.40292671204102,227.26081793911095,5.538772372817324e-05,8.964533257644016e-05,0.0009499601916111027,0.0,0.0,0.0,0
971,1990-07-09 11:22:00,5.2,Mw,-21.0,34.9,26.6,global_cmt,33.0,False,311,0,225.40292671204102,227.80579310095197,5.5372040918472276e-05,8.954941980053799e-05,0.0009457266512181721,0.0,0.0,0.0,0
973,1990-07-18 11:29:00,5.4,Mw,-60.0,37.04,29.51,waveform,14.0,True,311,33,23.619198502459792,27.45663012641207,0.0001724791740976021,0.0008385354068334521,0.03627727864436186,0.0,0.0,0.0,0
973,1990-07-18 11:29:00,5.4,Mw,-60.0,37.04,29.51,isc_ehb,9.0,True,311,34,23.619198502459792,25.275809342108094,0.00017254041915536623,0.0008772248090506975,0.04159714689403607,0.0,0.0,0.0,0
973,1990-07-18 11:29:00,5.4,Mw,-60.0,37.04,29.51,global_cmt,15.0,True,311,33,23.619198502459792,27.979752284439524,0.00017246373689407666,0.0008300537876023864,0.035309676237344205,0.0,0.0,0.0,0
986,1990-12-16 15:45:00,5.5,Mw,4.0,41.37,43.72,waveform,11.0,True,311,12,54.298614627071395,55.40162046744853,0.00012201448512476558,0.0003667972261091684,0.014159347019254375,0.0,0.0,0.0,0
986,1990-12-16 15:45:00,5.5,Mw,4.0,41.37,43.72,isc_ehb,24.0,True,311,12,54.298614627071395,59.366148185807134,0.00012193052224480618,0.0003568683260179228,0.012537193691274548,0.0,0.0,0.0,0
986,1990-12-16 15:45:00,5.5,Mw,4.0,41.37,43.72,global_cmt,17.6,True,311,12,54.298614627071395,57.07976480697176,0.00012197963769240944,0.000362460213091211,0.01343523278609813,0.0,0.0,0.0,0
990,1991-03-19 12:09:00,5.5,Mw,40.0,34.8,26.3,waveform,12.0,True,311,0,248.07631684106738,248.36638052971188,9.619758809674158e-05,0.0001472315448163762,0.0013399780963389714,0.0,0.0,0.0,0
990,1991-03-19 12:09:00,5.5,Mw,40.0,34.8,26.3,isc_ehb,6.0,True,311,0,248.07631684106738,248.14886454995045,9.62082737115981e-05,0.000147287163371061,0.0013420787671902968,0.0,0.0,0.0,0
990,1991-03-19 12:09:00,5.5,Mw,40.0,34.8,26.3,global_cmt,15.0,True,311,0,248.07631684106738,248.52939258250652,9.618957553202049e-05,0.00014718988261588879,0.0013384071497710176,0.0,0.0,0.0,0
995,1991-04-29 09:12:00,6.9,Mw,90.0,42.42,43.67,waveform,6.0,True,311,3,157.96212544928977,158.07603574374315,0.0017310181652205787,0.0025310986356825893,0.018285098259525918,0.0,0.0,0.0,0
995,1991-04-29 09:12:00,6.9,Mw,90.0,42.42,43.67,isc_ehb,17.0,True,311,3,157.96212544928977,158.8742681382267,0.0017305052822374951,0.0025276451402910646,0.018153592111244593,0.0,0.0,0.0,0
995,1991-04-29 09:12:00,6.9,Mw,90.0,42.42,43.67,global_cmt,22.0,True,311,3,157.96212544928977,159.48678025609885,0.0017301102247127332,0.002525003625222094,0.018053763530778623,0.0,0.0,0.0,0
996,1991-04-29 18:30:00,6.0,Mw,80.0,42.53,43.88,waveform,8.0,True,311,3,176.30017702033334,176.48159229053005,0.0003259634165600059,0.0005165663426241812,0.004340891844426106,0.0,0.0,0.0,0
996,1991-04-29 18:30:00,6.0,Mw,80.0,42.53,43.88,isc_ehb,10.0,True,311,3,176.30017702033334,176.5835564751171,0.0003259493376081133,0.0005164552305238132,0.004336720878051615,0.0,0.0,0.0,0
996,1991-04-29 18:30:00,6.0,Mw,80.0,42.53,43.88,global_cmt,15.0,True,311,3,176.30017702033334,176.93714256029136,0.00032590046273689075,0.0005160703774865693,0.004322306510272887,0.0,0.0,0.0,0
998,1991-05-03 20:19:00,5.6,Mw,106.0,42.97,43.25,waveform,8.0,True,311,1,198.90611905746331,199.0669339656935,0.00015613711317057766,0.00023462770217163085,0.0019176336796388207,0.0,0.0,0.0,0
998,1991-05-03 20:19:00,5.6,Mw,106.0,42.97,43.25,isc_ehb,1.0,True,311,1,198.90611905746331,198.90863279028835,0.00015614692025324299,0.00023470375631332743,0.0019203305085522158,0.0,0.0,0.0,0
998,1991-05-03 20:19:00,5.6,Mw,106.0,42.97,43.25,global_cmt,15.0,True,311,1,198.90611905746331,199.47091065742336,0.00015611205658565538,0.0002344338395821173,0.0019107782902240485,0.0,0.0,0.0,0
1002,1991-06-15 00:59:00,6.2,Mw,117.0,42.44,44.02,waveform,7.0,True,311,3,173.15412969327485,173.29556436861114,0.00047388273621656597,0.00074503843379226,0.006085946222083849,0.0,0.0,0.0,0
1002,1991-06-15 00:59:00,6.2,Mw,117.0,42.44,44.02,isc_ehb,8.0,True,311,3,173.15412969327485,173.33883762687302,0.0004738740353408583,0.0007449732198350139,0.006083495339580009,0.0,0.0,0.0,0
1002,1991-06-15 00:59:00,6.2,Mw,117.0,42.44,44.02,global_cmt,15.0,True,311,3,173.15412969327485,173.80262549753226,0.0004737806684296573,0.0007442751834298515,0.006057327488823533,0.0,0.0,0.0,0
1005,1991-07-04 06:26:00,5.3,Mw,111.0,42.38,44.14,waveform,8.0,True,311,3,171.76669562709353,171.95289391763836,7.806817225000435e-05,0.00014224853765137675,0.0015020158720546939,0.0,0.0,0.0,0
1005,1991-07-04 06:26:00,5.3,Mw,111.0,42.38,44.14,isc_ehb,11.0,True,311,3,171.76669562709353,172.11855718268902,7.80629771826062e-05,0.00014218642124732745,0.001499354410948962,0.0,0.0,0.0,0
1005,1991-07-04 06:26:00,5.3,Mw,111.0,42.38,44.14,global_cmt,19.0,True,311,3,171.76669562709353,172.8143446784745,7.804111111366937e-05,0.00014192626251594289,0.0014882551983976774,0.0,0.0,0.0,0
1006,1991-07-24 09:45:00,5.5,Mw,84.0,36.59,44.03,waveform,11.0,True,311,7,111.51871167215755,112.0599083214769,0.00011937000464045984,0.0002693488955754115,0.004245219504114551,0.0,0.0,0.0,0
1006,1991-07-24 09:45:00,5.5,Mw,84.0,36.59,44.03,isc_ehb,46.0,False,311,7,111.51871167215755,120.63342427792476,0.00011907082071270272,0.0002619341124293424,0.0037212288039757293,0.0,0.0,0.0,0
1006,1991-07-24 09:45:00,5.5,Mw,84.0,36.59,44.03,global_cmt,15.0,True,311,7,111.51871167215755,112.52298899788349,0.00011935436882159318,0.0002689335934225867,0.004214060270328867,0.0,0.0,0.0,0
2290,1991-10-18 14:05:00,5.2,Mw,13.0,35.7,28.56,waveform,43.0,False,311,9,103.56890677703927,112.14061909491606,8.608768459749738e-05,0.0001832218715443928,0.0026294413974048093,0.0,0.0,0.0,0
2290,1991-10-18 14:05:00,5.2,Mw,13.0,35.7,28.56,isc_ehb,51.0,False,311,9,103.56890677703927,115.44487191292237,8.596123290157583e-05,0.00018095673117382672,0.0024910509051330344,0.0,0.0,0.0,0
2290,1991-10-18 14:05:00,5.2,Mw,13.0,35.7,28.56,global_cmt,33.0,False,311,10,103.56890677703927,108.69921090325842,8.621587315893068e-05,0.0001856506136324253,0.002786497728874347,0.0,0.0,0.0,0
1028,1992-03-15 16:16:00,5.8,Mw,57.0,39.57,39.97,waveform,4.0,True,311,50,19.337597797922225,19.746966566898482,0.0006041326386323632,0.002195595861935001,0.12717456512513758,0.0,3.2154340836012864e-11,1e-08,1
1028,1992-03-15 16:16:00,5.8,Mw,57.0,39.57,39.97,isc_ehb,28.0,True,311,48,19.337597797922225,34.02855695727056,0.000602315776278081,0.0018197849539292475,0.05529098537840263,0.0,3.2154340836012864e-11,1e-08,1
1028,1992-03-15 16:16:00,5.8,Mw,57.0,39.57,39.97,global_cmt,15.0,True,311,49,19.337597797922225,24.47330563275436,0.0006036370327231616,0.0020375984545547643,0.09259862247928179,0.0,3.2154340836012864e-11,1e-08,1
1032,1992-04-30 11:44:00,5.8,Mw,-47.0,35.1,26.6,waveform,7.0,True,311,0,205.598568755166,205.71769849522605,0.0001697584050585463,0.00026675693712056425,0.002734642695318648,0.0,0.0,0.0,0
1032,1992-04-30 11:44:00,5.8,Mw,-47.0,35.1,26.6,isc_ehb,20.0,True,311,0,205.598568755166,206.56904771570382,0.00016969672151333833,0.000266354072794036,0.0027154424606557156,0.0,0.0,0.0,0
1032,1992-04-30 11:44:00,5.8,Mw,-47.0,35.1,26.6,global_cmt,32.0,False,311,0,205.598568755166,208.0739567417622,0.00016958718150853364,0.00026564423827068703,0.002682019040791934,0.0,0.0,0.0,0
1074,1992-10-23 23:19:00,6.3,Mw,137.0,42.67,45.1,waveform,16.0,True,311,0,236.64507797772393,237.18535564212863,0.00044329968860177876,0.0006401241866600748,0.003925982186071044,0.0,0.0,0.0,0
1074,1992-10-23 23:19:00,6.3,Mw,137.0,42.67,45.1,isc_ehb,16.0,True,311,0,236.64507797772393,237.18535564212863,0.00044329968860177876,0.0006401241866600748,0.003925982186071044,0.0,0.0,0.0,0
1074,1992-10-23 23:19:00,6.3,Mw,137.0,42.67,45.1,global_cmt,15.0,True,311,0,236.64507797772393,237.11999690258736,0.0004433111203713176,0.0006401872291118993,0.00392770299001442,0.0,0.0,0.0,0
1078,1992-11-06 20:06:00,6.0,Mw,13.0,38.02,26.97,waveform,6.0,True,311,25,25.550052282889602,26.24509805008151,0.00040582385452583646,0.0016577111977335605,0.08442838727566494,0.0,3.2154340836012864e-11,1e-08,1
1078,1992-11-06 20:06:00,6.0,Mw,13.0,38.02,26.97,isc_ehb,10.0,True,311,25,25.550052282889602,27.4372952686374,0.0004057786596094247,0.0016313908345252442,0.07886267323572227,0.0,3.2154340836012864e-11,1e-08,1
1127,1994-01-28 15:45:00,5.3,Mw,-120.0,38.67,27.48,waveform,14.0,True,311,34,14.534524652302942,20.18049570422892,0.00010769880124452763,0.0007763443244692265,0.06750834993571407,0.0,3.2154340836012864e-11,1e-08,1
1127,1994-01-28 15:45:00,5.3,Mw,-120.0,38.67,27.48,isc_ehb,9.0,True,311,34,14.534524652302942,17.095391392664926,0.0001077254247812675,0.0008453465218671291,0.08559390007387455,0.0,3.2154340836012864e-11,1e-08,1
1127,1994-01-28 15:45:00,5.3,Mw,-120.0,38.67,27.48,global_cmt,15.0,True,311,34,14.534524652302942,20.886656191655042,0.00010769208964742497,0.0007629504855061821,0.06414878523324673,0.0,3.2154340836012864e-11,1e-08,1
1148,1994-05-24 02:05:00,5.5,Mw,-131.0,38.83,26.49,waveform,10.0,True,311,19,50.89023320621274,51.863434477314726,0.0001302641229911067,0.0005116262459883366,0.015989261130246204,0.0,0.0,0.0,0
1148,1994-05-24 02:05:00,5.5,Mw,-131.0,38.83,26.49,isc_ehb,10.0,True,311,19,50.89023320621274,51.863434477314726,0.0001302641229911067,0.0005116262459883366,0.015989261130246204,0.0,0.0,0.0,0
1148,1994-05-24 02:05:00,5.5,Mw,-131.0,38.83,26.49,global_cmt,21.0,True,311,19,50.89023320621274,55.05284584635673,0.00013019390771104418,0.0004963146169183504,0.014608171034446886,0.0,0.0,0.0,0
2257,1994-11-13 06:56:00,5.4,Mw,-94.0,36.95,29.06,waveform,8.0,True,311,32,13.662904838866062,15.832718295855253,0.00015393127283966005,0.0009160235771870102,0.0906155985120212,0.0,3.2154340836012864e-11,1e-08,1
2257,1994-11-13 06:56:00,5.4,Mw,-94.0,36.95,29.06,isc_ehb,10.0,True,311,32,13.662904838866062,16.93147863111517,0.0001539180892613147,0.0008850178760839695,0.08203770681090189,0.0,3.2154340836012864e-11,1e-08,1
2257,1994-11-13 06:56:00,5.4,Mw,-94.0,36.95,29.06,global_cmt,15.0,True,311,32,13.662904838866062,20.289774977458713,0.00015387233133996143,0.000809553798278087,0.06204370996886024,0.0,3.2154340836012864e-11,1e-08,1
2259,1995-02-23 21:03:00,5.9,Mw,120.0,35.06,32.27,waveform,11.0,True,311,5,120.6795858141457,121.179876350299,0.0004511160498198064,0.0006805444910077535,0.006806604080319261,0.0,0.0,0.0,0
2259,1995-02-23 21:03:00,5.9,Mw,120.0,35.06,32.27,isc_ehb,20.0,True,311,5,120.6795858141457,122.32564094364581,0.00045085270267946064,0.0006788847094039869,0.0066994560226544255,0.0,0.0,0.0,0
2259,1995-02-23 21:03:00,5.9,Mw,120.0,35.06,32.27,global_cmt,15.0,True,311,5,120.6795858141457,121.60823340659856,0.0004510178453715906,0.0006799231041859571,0.006766229175563344,0.0,0.0,0.0,0
2258,1995-05-29 04:58:00,5.2,Mw,150.0,35.06,32.24,waveform,15.0,True,311,5,121.5542045317041,122.47622070971717,0.00010751890310339991,0.00017515235089284292,0.002123838629962066,0.0,0.0,0.0,0
2258,1995-05-29 04:58:00,5.2,Mw,150.0,35.06,32.24,isc_ehb,28.0,True,311,5,121.5542045317041,124.73742277013484,0.0001073842623643428,0.00017413197201481247,0.0020526496368652846,0.0,0.0,0.0,0
2258,1995-05-29 04:58:00,5.2,Mw,150.0,35.06,32.24,global_cmt,15.0,True,311,5,121.5542045317041,122.47622070971717,0.00010751890310339991,0.00017515235089284292,0.002123838629962066,0.0,0.0,0.0,0
1204,1995-10-01 15:57:00,6.3,Mw,-93.0,38.06,30.14,waveform,4.0,True,311,49,22.022652354666167,22.382967111946602,0.001244432193113578,0.0037270688164724834,0.1375825495685025,0.0,6.430868167202573e-11,1e-08,2
1204,1995-10-01 15:57:00,6.3,Mw,-93.0,38.06,30.14,isc_ehb,5.0,True,311,49,22.022652354666167,22.583117958654054,0.00124439308344391,0.0037172844981815194,0.13588540479252603,0.0,6.430868167202573e-11,1e-08,2
1204,1995-10-01 15:57:00,6.3,Mw,-93.0,38.06,30.14,global_cmt,15.0,True,311,48,22.022652354666167,26.645772961850504,0.0012435246944816514,0.0035407520947752734,0.10742996782505641,0.0,6.430868167202573e-11,1e-08,2
1237,1996-04-02 07:59:00,5.3,Mw,-119.0,37.84,26.87,waveform,9.0,True,311,21,45.72616669704189,46.60345824942247,9.102384366611495e-05,0.00040701726267867305,0.014814486956113256,0.0,0.0,0.0,0
1237,1996-04-02 07:59:00,5.3,Mw,-119.0,37.84,26.87,isc_ehb,11.0,True,311,20,45.72616669704189,47.030652991486974,9.10170782500785e-05,0.0004048522620370599,0.014587134495242947,0.0,0.0,0.0,0
1237,1996-04-02 07:59:00,5.3,Mw,-119.0,37.84,26.87,global_cmt,15.0,True,311,20,45.72616669704189,48.123615001427964,9.099949307066344e-05,0.00039947016119746366,0.014028671255962952,0.0,0.0,0.0,0
2291,1996-04-12 15:39:00,5.2,Mw,-52.0,36.59,27.04,waveform,162.0,False,311,2,60.507721722090324,172.93115505309598,6.40791113132863e-05,0.00012672157056970967,0.0014174988931849742,0.0,0.0,0.0,0
2291,1996-04-12 15:39:00,5.2,Mw,-52.0,36.59,27.04,isc_ehb,162.0,False,311,2,60.507721722090324,172.93115505309598,6.40791113132863e-05,0.00012672157056970967,0.0014174988931849742,0.0,0.0,0.0,0
2291,1996-04-12 15:39:00,5.2,Mw,-52.0,36.59,27.04,global_cmt,151.0,False,311,4,60.507721722090324,162.67201476590225,6.440726978267088e-05,0.00013080187222758668,0.0015883395044797926,0.0,0.0,0.0,0
2280,1996-04-26 07:01:00,5.3,Mw,174.0,36.34,27.96,waveform,70.0,False,311,14,48.383249873465566,85.09370639664373,0.00010170938414616773,0.00026258661665967264,0.006760403834114875,0.0,0.0,0.0,0
2280,1996-04-26 07:01:00,5.3,Mw,174.0,36.34,27.96,isc_ehb,72.0,False,311,14,48.383249873465566,86.7464055066157,0.00010166068223891533,0.00026052001232482365,0.006529835222369239,0.0,0.0,0.0,0
2280,1996-04-26 07:01:00,5.3,Mw,174.0,36.34,27.96,global_cmt,127.0,False,311,9,48.383249873465566,135.90415324160702,9.98200840667547e-05,0.00021323725040304998,0.002887236632127154,0.0,0.0,0.0,0
1250,1996-07-20 00:00:00,6.1,Mw,-52.0,36.07,27.46,waveform,12.0,True,311,9,75.46229641793708,76.41045858171903,0.0003878181609210006,0.0007942327430643065,0.02140476220138439,0.0,0.0,0.0,0
1250,1996-07-20 00:00:00,6.1,Mw,-52.0,36.07,27.46,isc_ehb,26.0,True,311,9,75.46229641793708,79.81577651485074,0.0003875467971209842,0.0007855467359230974,0.019999264749372987,0.0,0.0,0.0,0
1250,1996-07-20 00:00:00,6.1,Mw,-52.0,36.07,27.46,global_cmt,15.0,True,311,9,75.46229641793708,76.93866505644999,0.0003877768170676038,0.0007928567514293879,0.021176634840215175,0.0,0.0,0.0,0
1258,1996-10-09 13:10:00,6.8,Mw,162.0,34.59,32.15,waveform,85.0,False,311,1,173.85975913197055,193.52574982525405,0.0018789525345027185,0.0023903203153161426,0.010976157862751188,0.0,0.0,0.0,0
1258,1996-10-09 13:10:00,6.8,Mw,162.0,34.59,32.15,isc_ehb,19.0,True,311,1,173.85975913197055,174.8948708379603,0.001899238377859826,0.002457346353685295,0.012726420586709086,0.0,0.0,0.0,0
1258,1996-10-09 13:10:00,6.8,Mw,162.0,34.59,32.15,global_cmt,23.0,True,311,1,173.85975913197055,175.37450169687386,0.0018987356838591192,0.002455602742198531,0.012675594353138237,0.0,0.0,0.0,0
1259,1996-10-10 01:10:00,5.7,Mw,175.0,34.61,32.23,waveform,76.0,False,311,1,169.81046781664335,186.0419172662636,0.00025055150125863243,0.0003472243633103201,0.002188417374073366,0.0,0.0,0.0,0
1259,1996-10-10 01:10:00,5.7,Mw,175.0,34.61,32.23,isc_ehb,23.0,True,311,1,169.81046781664335,171.36100775878762,0.00025302724528227557,0.000357291074942547,0.0025251104565244,0.0,0.0,0.0,0
1259,1996-10-10 01:10:00,5.7,Mw,175.0,34.61,32.23,global_cmt,19.0,True,311,1,169.81046781664335,170.87011143001945,0.0002531054995056893,0.0003576335464558074,0.002537751335474741,0.0,0.0,0.0,0
1268,1997-01-13 10:19:00,5.7,Mw,-12.0,34.31,32.33,waveform,41.0,False,311,0,200.67456283877885,204.82011661586125,0.00023589427730338677,0.00031898709889700296,0.0018509736346408172,0.0,0.0,0.0,0
1268,1997-01-13 10:19:00,5.7,Mw,-12.0,34.31,32.33,isc_ehb,19.0,True,311,0,200.67456283877885,201.572022291128,0.00023649677237248546,0.00032088222253088346,0.0019032343272845247,0.0,0.0,0.0,0
1268,1997-01-13 10:19:00,5.7,Mw,-12.0,34.31,32.33,global_cmt,33.0,False,311,0,200.67456283877885,203.36981135491817,0.0002361640793079916,0.0003198318191580683,0.0018740261372452115,0.0,0.0,0.0,0
1270,1997-01-22 17:57:00,5.6,Mw,-6.0,36.25,35.95,waveform,11.0,True,311,19,27.47140766761765,29.59186103036512,0.00031058754648218825,0.0008200730816393107,0.049886388589867145,0.0,0.0,0.0,0
1270,1997-01-22 17:57:00,5.6,Mw,-6.0,36.25,35.95,isc_ehb,45.0,False,311,19,27.47140766761765,52.7226539472402,0.00030883897975421594,0.0006664241291447344,0.01884865540100187,0.0,0.0,0.0,0
1270,1997-01-22 17:57:00,5.6,Mw,-6.0,36.25,35.95,global_cmt,15.0,True,311,19,27.47140766761765,31.29981212787773,0.00031049149213111015,0.0008018437000357409,0.04550057238195017,0.0,0.0,0.0,0
1315,1997-11-14 21:38:00,5.7,Mw,175.0,38.73,25.91,waveform,10.0,True,311,14,58.839719955342645,59.68343693541071,0.00019355442553271586,0.0005487849321839227,0.020347905204309225,0.0,0.0,0.0,0
1315,1997-11-14 21:38:00,5.7,Mw,175.0,38.73,25.91,isc_ehb,2.0,True,311,14,58.839719955342645,58.87370078756004,0.00019357975145805793,0.0005512895374711642,0.020816595505867855,0.0,0.0,0.0,0
1315,1997-11-14 21:38:00,5.7,Mw,175.0,38.73,25.91,global_cmt,15.0,True,311,14,58.839719955342645,60.72159948834638,0.00019352145972428739,0.0005456448319461427,0.019770584466254,0.0,0.0,0.0,0
1320,1997-11-27 17:34:00,5.4,Mw,94.0,41.86,45.37,waveform,9.0,True,311,1,189.0905809914303,189.3046428899108,8.0488974152273e-05,0.00014926196021133818,0.0014815923442401387,0.0,0.0,0.0,0
1320,1997-11-27 17:34:00,5.4,Mw,94.0,41.86,45.37,isc_ehb,29.0,True,311,1,189.0905809914303,191.30145796537113,8.043676963269372e-05,0.00014861219697924694,0.0014536105386126316,0.0,0.0,0.0,0
1320,1997-11-27 17:34:00,5.4,Mw,94.0,41.86,45.37,global_cmt,41.0,False,311,1,189.0905809914303,193.4844898685077,8.037915250741463e-05,0.00014790784137558278,0.0014239447780591869,0.0,0.0,0.0,0
1420,1999-08-11 04:27:00,5.6,Mw,67.0,34.75,33.04,waveform,11.0,True,311,3,152.5114145450105,152.90759159217714,0.0002446088276830059,0.0003517650049683757,0.0028954413130907377,0.0,0.0,0.0,0
1420,1999-08-11 04:27:00,5.6,Mw,67.0,34.75,33.04,global_cmt,20.0,True,311,3,152.5114145450105,153.817201790047,0.0002444566240055841,0.0003511000188998777,0.0028652891293302015,0.0,0.0,0.0,0
1421,1999-08-17 00:01:00,7.4,Mw,166.0,40.75,29.86,waveform,9.0,True,311,33,24.17996176789429,25.800592068726438,0.006029312089260133,0.011398835690865404,0.2648125033109688,0.0,1.4352721847013845e-05,0.004463616494421306,9
1421,1999-08-17 00:01:00,7.4,Mw,166.0,40.75,29.86,isc_ehb,17.0,True,311,33,24.17996176789429,29.557918585327176,0.006025619714565358,0.011128165972879373,0.226341096030253,0.0,2.4959277112781643e-06,0.000776153518207509,9
1421,1999-08-17 00:01:00,7.4,Mw,166.0,40.75,29.86,global_cmt,17.0,True,311,33,24.17996176789429,29.557918585327176,0.006025619714565358,0.011128165972879373,0.226341096030253,0.0,2.4959277112781643e-06,0.000776153518207509,9
1426,1999-09-13 11:55:00,5.8,Mw,173.0,40.71,30.05,waveform,13.0,True,311,31,18.721573181143313,22.79248346224923,0.0005424785646850235,0.0016957240520657833,0.09198076209743564,0.0,6.430868167202573e-11,1e-08,2
1426,1999-09-13 11:55:00,5.8,Mw,173.0,40.71,30.05,isc_ehb,10.0,True,311,31,18.721573181143313,21.224921728404667,0.0005426359516386967,0.0017445041601386296,0.10234082959855809,0.0,6.430868167202573e-11,1e-08,2
1426,1999-09-13 11:55:00,5.8,Mw,173.0,40.71,30.05,global_cmt,15.0,True,311,31,18.721573181143313,23.989524846834808,0.0005423509029211506,0.0016618317027478561,0.08509820623940993,0.0,6.430868167202573e-11,1e-08,2
2303,1999-10-05 00:53:00,5.0,Mw,-57.0,36.75,28.22,waveform,21.0,True,311,22,36.15610191085675,41.81224348666619,5.6440044361356394e-05,0.0002705396042669069,0.012188312869964425,0.0,0.0,0.0,0
2303,1999-10-05 00:53:00,5.0,Mw,-57.0,36.75,28.22,isc_ehb,16.0,True,311,22,36.15610191085675,39.538129765939345,5.646366326806267e-05,0.00027961814752338986,0.013514544704822056,0.0,0.0,0.0,0
2303,1999-10-05 00:53:00,5.0,Mw,-57.0,36.75,28.22,global_cmt,33.0,False,311,22,36.15610191085675,48.95164660548467,5.635747311222928e-05,0.0002467351197662488,0.009089979222856329,0.0,0.0,0.0,0
1432,1999-11-12 16:57:00,7.1,Mw,-177.0,40.76,31.16,waveform,10.0,True,311,35,16.056506734628304,18.915903587171407,0.004977066788079232,0.009407269807271995,0.3219076988852535,0.0,8.324411872478635e-05,0.025888850923408556,8
1432,1999-11-12 16:57:00,7.1,Mw,-177.0,40.76,31.16,isc_ehb,10.0,True,311,35,16.056506734628304,18.915903587171407,0.004977066788079232,0.009407269807271995,0.3219076988852535,0.0,8.324411872478635e-05,0.025888850923408556,8
1432,1999-11-12 16:57:00,7.1,Mw,-177.0,40.76,31.16,global_cmt,18.0,True,311,35,16.056506734628304,24.12076716274099,0.004972903296528593,0.009028019424425325,0.23999160204666442,0.0,5.3159390384342236e-06,0.0016531870409530434,8
1437,1999-12-03 17:06:00,5.6,Mw,1.0,40.41,42.36,waveform,6.0,True,311,34,15.612566923361863,16.72579582371054,0.0002014177728659728,0.0013465219896630419,0.11388255145948693,0.0,3.2154340836012864e-11,1e-08,1
1437,1999-12-03 17:06:00,5.6,Mw,1.0,40.41,42.36,isc_ehb,13.0,True,311,33,15.612566923361863,20.3163049282209,0.00020136445898823882,0.0012340957545626046,0.08520131798420974,0.0,3.2154340836012864e-11,1e-08,1
1437,1999-12-03 17:06:00,5.6,Mw,1.0,40.41,42.36,global_cmt,19.0,True,311,33,15.612566923361863,24.591710919260027,0.00020128754758806953,0.00113718435337916,0.06313448028606128,0.0,3.2154340836012864e-11,1e-08,1
1455,2000-06-06 02:41:00,6.0,Mw,-29.0,40.73,33.01,waveform,8.0,True,311,41,11.05365618989972,13.64490070189257,0.0008930065716387902,0.002913171958903803,0.2314192549330713,0.0,3.489300453117821e-06,0.0010851724409196423,1
1455,2000-06-06 02:41:00,6.0,Mw,-29.0,40.73,33.01,isc_ehb,10.0,True,311,41,11.05365618989972,14.905814810486154,0.0008928745021933159,0.0028323237210425784,0.20881591276828693,0.0,1.1107644909357708e-06,0.0003454477566810247,1
1455,2000-06-06 02:41:00,6.0,Mw,-29.0,40.73,33.01,global_cmt,15.0,True,311,41,11.05365618989972,18.632855797341115,0.0008924162609552892,0.002641937689680572,0.1580103255352214,0.0,3.2154340836012864e-11,1e-08,1
2304,2000-06-13 01:43:00,5.0,Mw,-46.0,35.21,27.05,waveform,16.0,True,311,1,177.85448356719175,178.57272279089122,3.680292926499571e-05,6.692670608296804e-05,0.0009619738646799124,0.0,0.0,0.0,0
2304,2000-06-13 01:43:00,5.0,Mw,-46.0,35.21,27.05,isc_ehb,9.0,True,311,1,177.85448356719175,178.08205222579977,3.681141198704951e-05,6.700579509418172e-05,0.000967052965081834,0.0,0.0,0.0,0
2304,2000-06-13 01:43:00,5.0,Mw,-46.0,35.21,27.05,global_cmt,15.0,True,311,1,177.85448356719175,178.4859023143074,3.680443162786616e-05,6.694068757307838e-05,0.0009628696196168388,0.0,0.0,0.0,0
1471,2000-11-15 15:05:00,6.3,Mw,113.0,38.4,42.92,waveform,16.0,True,311,36,24.735986912855118,29.45961725061851,0.0007642331780735708,0.0034183910593079394,0.1088646025290617,0.0,1.2861736334405146e-10,1e-08,4
1471,2000-11-15 15:05:00,6.3,Mw,113.0,38.4,42.92,isc_ehb,48.0,False,311,36,24.735986912855118,53.99878747298813,0.000761567446523941,0.002718732812481632,0.04951923666615681,0.0,0.0,0.0,0
1471,2000-11-15 15:05:00,6.3,Mw,113.0,38.4,42.92,global_cmt,32.0,False,311,36,24.735986912855118,40.445878016838,0.0007632310653376787,0.0030469675669112972,0.06808164605031243,0.0,6.430868167202573e-11,1e-08,2
2281,2001-06-23 06:53:00,5.6,Mw,177.0,35.65,28.1,waveform,43.0,False,311,7,124.42089757540559,131.6417857424821,0.00017317231501193066,0.0003334195547652603,0.00482737425092285,0.0,0.0,0.0,0
2281,2001-06-23 06:53:00,5.6,Mw,177.0,35.65,28.1,isc_ehb,45.0,False,311,7,124.42089757540559,132.308577777367,0.00017312618660137583,0.0003327133148626371,0.004785011194208533,0.0,0.0,0.0,0
2281,2001-06-23 06:53:00,5.6,Mw,177.0,35.65,28.1,global_cmt,58.0,False,311,7,124.42089757540559,137.275488538448,0.00017277609885903134,0.00032756077896856393,0.004486900718743754,0.0,0.0,0.0,0
1490,2001-06-25 13:28:00,5.3,Mw,-92.0,37.23,35.71,waveform,8.0,True,311,37,23.4714263203582,24.79733561316626,0.00020557410967332433,0.0008245211114756242,0.04329063534670614,0.0,0.0,0.0,0
1490,2001-06-25 13:28:00,5.3,Mw,-92.0,37.23,35.71,isc_ehb,10.0,True,311,37,23.4714263203582,25.512895827639866,0.00020554693105124036,0.0008122185205181843,0.041286400534534334,0.0,0.0,0.0,0
1490,2001-06-25 13:28:00,5.3,Mw,-92.0,37.23,35.71,global_cmt,15.0,True,311,37,23.4714263203582,27.855122572194933,0.00020545261893702293,0.0007757110021631852,0.03561056577182712,0.0,0.0,0.0,0
2282,2002-01-22 04:54:00,6.1,Mw,-176.0,35.62,26.64,waveform,93.0,False,311,1,154.95718863271733,180.72279963788614,0.00036205122554293086,0.0005778287354968314,0.00604421562899239,0.0,0.0,0.0,0
2282,2002-01-22 04:54:00,6.1,Mw,-176.0,35.62,26.64,isc_ehb,94.0,False,311,1,154.95718863271733,181.23942813018238,0.00036198037988963123,0.000577285621132256,0.006016364869806197,0.0,0.0,0.0,0
2282,2002-01-22 04:54:00,6.1,Mw,-176.0,35.62,26.64,global_cmt,90.0,False,311,1,154.95718863271733,179.19746178156527,0.0003622593939776899,0.0005794371506651501,0.006127661488239412,0.0,0.0,0.0,0
2292,2002-06-06 22:36:00,4.9,Mw,-22.0,35.54,26.01,waveform,94.0,False,311,0,200.58298913936437,221.51644528585766,2.9066138618959633e-05,5.180248365932726e-05,0.0005983301425988323,0.0,0.0,0.0,0
2292,2002-06-06 22:36:00,4.9,Mw,-22.0,35.54,26.01,isc_ehb,95.0,False,311,0,200.58298913936437,221.9426401845359,2.9059875068487646e-05,5.175353264159991e-05,0.0005961009414315816,0.0,0.0,0.0,0
2292,2002-06-06 22:36:00,4.9,Mw,-22.0,35.54,26.01,global_cmt,110.0,False,311,0,200.58298913936437,228.76524109244036,2.895835114869815e-05,5.097994385751676e-05,0.0005620601088781266,0.0,0.0,0.0,0
1545,2003-01-27 05:26:00,6.0,Mw,-12.0,39.58,39.66,waveform,11.0,True,311,47,24.48181009540906,26.839504942298635,0.0008445917389743149,0.002508435525927874,0.08067420349922012,0.0,6.430868167202573e-11,1e-08,2
1545,2003-01-27 05:26:00,6.0,Mw,-12.0,39.58,39.66,isc_ehb,10.0,True,311,47,24.48181009540906,26.445397057856265,0.0008446598519001451,0.002521549491063201,0.08252782035518202,0.0,6.430868167202573e-11,1e-08,2
1545,2003-01-27 05:26:00,6.0,Mw,-12.0,39.58,39.66,global_cmt,15.0,True,311,47,24.48181009540906,28.711653131571385,0.0008442545957262661,0.0024496653618141092,0.07269208417257735,0.0,6.430868167202573e-11,1e-08,2
1555,2003-05-01 00:27:00,6.2,Mw,178.0,39.04,40.53,waveform,9.0,True,311,47,0.948058257661837,9.049796376710406,0.0009783342742185936,0.0041969722820635385,0.40547633773681674,0.0,0.000445379254810267,0.13851294824599303,1
1555,2003-05-01 00:27:00,6.2,Mw,178.0,39.04,40.53,isc_ehb,10.0,True,311,47,0.948058257661837,10.04484019086022,0.0009782757505319233,0.00406885601912516,0.36718149354613,0.0,0.00023325999821093683,0.07254385944360135,1
1555,2003-05-01 00:27:00,6.2,Mw,178.0,39.04,40.53,global_cmt,15.0,True,311,47,0.948058257661837,15.029930620595719,0.0009778909213467124,0.003606114233360828,0.23311601972207863,0.0,3.850811027091144e-06,0.0011976022294253458,1
2260,2003-05-03 11:22:00,5.4,Mw,152.0,36.9,31.51,waveform,128.0,False,311,22,25.077395574302574,130.43341507754081,0.0002321814099213319,0.00042347591033517067,0.003164291685419134,0.0,0.0,0.0,0
2260,2003-05-03 11:22:00,5.4,Mw,152.0,36.9,31.51,isc_ehb,133.0,False,311,21,25.077395574302574,135.34354720041162,0.0002311609975240257,0.00041401125964554046,0.0029604898292078107,0.0,0.0,0.0,0
2260,2003-05-03 11:22:00,5.4,Mw,152.0,36.9,31.51,global_cmt,137.0,False,311,20,25.077395574302574,139.27625701744734,0.00023032360718773246,0.0004067168499365959,0.002811501911160379,0.0,0.0,0.0,0
1566,2003-07-13 01:48:00,5.5,Mw,-29.0,38.16,38.9,waveform,9.0,True,311,44,5.206443840467799,10.397454374218002,0.00035212290650789177,0.001635085079047418,0.18906306045947016,0.0,2.1084210214920925e-07,6.557189376840408e-05,1
1566,2003-07-13 01:48:00,5.5,Mw,-29.0,38.16,38.9,isc_ehb,12.0,True,311,44,5.206443840467799,13.080789634572719,0.0003520303773862811,0.0014763782967285536,0.14207399977416882,0.0,3.2154340836012864e-11,1e-08,1
1566,2003-07-13 01:48:00,5.5,Mw,-29.0,38.16,38.9,global_cmt,15.0,True,311,44,5.206443840467799,15.877879501493425,0.0003519114868760686,0.0013590668542040147,0.10851681134326212,0.0,3.2154340836012864e-11,1e-08,1
2261,2005-01-23 22:36:00,5.7,Mw,0.0,35.89,29.71,waveform,34.0,False,311,13,45.57132751646959,56.85724132960848,0.00028204144054885295,0.0006316697211008178,0.018915861259721254,0.0,0.0,0.0,0
2261,2005-01-23 22:36:00,5.7,Mw,0.0,35.89,29.71,isc_ehb,42.0,False,311,13,45.57132751646959,61.97375163416636,0.00028167559790436177,0.0006143041091563636,0.016330863849425982,0.0,0.0,0.0,0
2261,2005-01-23 22:36:00,5.7,Mw,0.0,35.89,29.71,global_cmt,24.0,True,311,13,45.57132751646959,51.504814256662826,0.0002823913870491352,0.0006524323985183254,0.02237341183506805,0.0,0.0,0.0,0
2307,2006-08-13 10:35:00,5.1,Mw,-1.0,34.46,26.58,waveform,17.0,True,311,0,270.97773575467784,271.51046623423565,4.2083807347143414e-05,6.469132725082142e-05,0.0005726447122622048,0.0,0.0,0.0,0
2307,2006-08-13 10:35:00,5.1,Mw,-1.0,34.46,26.58,isc_ehb,33.0,False,311,0,270.97773575467784,272.9797305199271,4.204322710779112e-05,6.451625064639455e-05,0.0005668262565433159,0.0,0.0,0.0,0
2307,2006-08-13 10:35:00,5.1,Mw,-1.0,34.46,26.58,global_cmt,25.0,True,311,0,270.97773575467784,272.1285234493658,4.2066753848401204e-05,6.461759640624838e-05,0.000570186077017128,0.0,0.0,0.0,0
2262,2007-10-29 09:23:00,5.3,Mw,-107.0,36.91,29.34,waveform,20.0,True,311,31,13.082399197443687,23.898727346059143,0.0001344129221102107,0.0006615785204584115,0.04081849504642891,0.0,0.0,0.0,0
2262,2007-10-29 09:23:00,5.3,Mw,-107.0,36.91,29.34,isc_ehb,36.0,False,311,30,13.082399197443687,38.30338325476322,0.00013410785342176697,0.0005374363449500454,0.018044633781199918,0.0,0.0,0.0,0
2262,2007-10-29 09:23:00,5.3,Mw,-107.0,36.91,29.34,global_cmt,12.0,True,311,31,13.082399197443687,17.752441205684228,0.00013450035037233446,0.000762824119233374,0.06604841380629173,0.0,3.2154340836012864e-11,1e-08,1
2299,2008-03-28 00:16:00,5.4,Mw,61.0,34.38,25.31,waveform,43.0,False,311,0,338.26956260960657,340.99163770992175,7.140734973462647e-05,0.0001018299126272781,0.0006990234114422002,0.0,0.0,0.0,0
2299,2008-03-28 00:16:00,5.4,Mw,61.0,34.38,25.31,isc_ehb,48.0,False,311,0,338.26956260960657,341.65815808801426,7.138075578114014e-05,0.0001017266114944803,0.0006965481562994293,0.0,0.0,0.0,0
2299,2008-03-28 00:16:00,5.4,Mw,61.0,34.38,25.31,global_cmt,59.0,False,311,0,338.26956260960657,343.3763197835496,7.131205851907108e-05,0.00010146096063201128,0.0006902296404996094,0.0,0.0,0.0,0
2286,2008-07-15 23:52:00,6.2,Mw,175.0,35.67,27.75,waveform,48.0,False,311,5,116.95352064523368,126.42043344062344,0.000523463374536258,0.0009046292939332316,0.012377292106639888,0.0,0.0,0.0,0
2286,2008-07-15 23:52:00,6.2,Mw,175.0,35.67,27.75,isc_ehb,59.0,False,311,5,116.95352064523368,130.99284709981345,0.0005226671751748005,0.0008950523697278609,0.011705882380389327,0.0,0.0,0.0,0
2286,2008-07-15 23:52:00,6.2,Mw,175.0,35.67,27.75,global_cmt,41.0,False,311,5,116.95352064523368,123.93194096485014,0.00052388591109744,0.0009099384252125253,0.012769120592106812,0.0,0.0,0.0,0
2263,2009-06-19 14:04:00,5.8,Mw,-64.0,35.34,28.48,waveform,36.0,False,311,6,139.93827981067992,144.4947132471363,0.00022898210141644466,0.00039787650662106056,0.0037278175473182016,0.0,0.0,0.0,0
2263,2009-06-19 14:04:00,5.8,Mw,-64.0,35.34,28.48,isc_ehb,25.0,True,311,6,139.93827981067992,142.15386789100094,0.00022921331925388486,0.0004003301193758263,0.0038335939702523842,0.0,0.0,0.0,0
2263,2009-06-19 14:04:00,5.8,Mw,-64.0,35.34,28.48,global_cmt,21.0,True,311,6,139.93827981067992,141.50520187036287,0.00022927681152222715,0.00040101563215621714,0.0038637457897230942,0.0,0.0,0.0,0
2264,2009-07-01 09:30:00,6.5,Mw,76.0,34.15,25.54,waveform,7.0,True,311,0,346.33243866517216,346.403172721852,0.000650915053971403,0.0008391249884091211,0.004509326849342992,0.0,0.0,0.0,0
2264,2009-07-01 09:30:00,6.5,Mw,76.0,34.15,25.54,isc_ehb,14.0,True,311,0,346.33243866517216,346.61528828337225,0.0006508437108940342,0.0008389145904260648,0.004505117982551802,0.0,0.0,0.0,0
2264,2009-07-01 09:30:00,6.5,Mw,76.0,34.15,25.54,global_cmt,12.0,True,311,0,346.33243866517216,346.5402690478629,0.0006508689458480004,0.0008389889951289553,0.004506605800196832,0.0,0.0,0.0,0
2265,2009-12-22 06:06:00,5.2,Mw,90.0,35.73,31.53,waveform,44.0,False,311,14,111.64133254524994,119.99911304871833,0.00013466243408461007,0.00025971968399474143,0.0024593332992738416,0.0,0.0,0.0,0
2265,2009-12-22 06:06:00,5.2,Mw,90.0,35.73,31.53,isc_ehb,35.0,False,311,14,111.64133254524994,116.99909030620316,0.0001349451262012167,0.0002630913597717362,0.002565015785723007,0.0,0.0,0.0,0
2265,2009-12-22 06:06:00,5.2,Mw,90.0,35.73,31.53,global_cmt,57.0,False,311,14,111.64133254524994,125.35065668946088,0.00013414359537105612,0.0002539360120194765,0.0022860859617301523,0.0,0.0,0.0,0
2266,2010-04-24 15:01:00,5.4,Mw,66.0,34.24,26.08,waveform,8.0,True,311,0,312.36093329338587,312.46336208892563,7.810159684532538e-05,0.00011164301827882331,0.0008192340297082476,0.0,0.0,0.0,0
2266,2010-04-24 15:01:00,5.4,Mw,66.0,34.24,26.08,isc_ehb,19.0,True,311,0,312.36093329338587,312.93825692605094,7.80783709675227e-05,0.0001115586712719825,0.0008169778859533533,0.0,0.0,0.0,0
2266,2010-04-24 15:01:00,5.4,Mw,66.0,34.24,26.08,global_cmt,19.0,True,311,0,312.36093329338587,312.93825692605094,7.80783709675227e-05,0.0001115586712719825,0.0008169778859533533,0.0,0.0,0.0,0
2267,2011-04-01 13:29:00,6.1,Mw,11.0,35.73,26.55,waveform,66.0,False,311,1,150.83734530966268,164.6447835191459,0.0003619122948374505,0.0005985899694229345,0.007026275367534345,0.0,0.0,0.0,0
2267,2011-04-01 13:29:00,6.1,Mw,11.0,35.73,26.55,isc_ehb,76.0,False,311,1,150.83734530966268,168.902056648421,0.0003613564530015137,0.0005938232086695317,0.006742594108313193,0.0,0.0,0.0,0
2267,2011-04-01 13:29:00,6.1,Mw,11.0,35.73,26.55,global_cmt,75.0,False,311,1,150.83734530966268,168.4544589497898,0.00036141547019139403,0.0005943212027517439,0.006771549153184826,0.0,0.0,0.0,0
1947,2011-05-19 20:15:00,5.8,Mw,-93.0,39.13,29.1,waveform,8.0,True,311,49,16.668768662063002,18.489127851507046,0.0004338048881625912,0.001867546021192197,0.121836823664129,0.0,3.2154340836012864e-11,1e-08,1
1947,2011-05-19 20:15:00,5.8,Mw,-93.0,39.13,29.1,isc_ehb,12.0,True,311,49,16.668768662063002,20.5389349458382,0.0004336905150078226,0.0018009512600225194,0.10588433583310838,0.0,3.2154340836012864e-11,1e-08,1
1947,2011-05-19 20:15:00,5.8,Mw,-93.0,39.13,29.1,global_cmt,12.0,True,311,49,16.668768662063002,20.5389349458382,0.0004336905150078226,0.0018009512600225194,0.10588433583310838,0.0,3.2154340836012864e-11,1e-08,1
1962,2011-10-23 10:41:00,7.1,Mw,71.0,38.69,43.49,waveform,18.0,True,311,31,21.166005552996168,27.7848842191121,0.0025427915454715577,0.008219475891451116,0.23765764368091724,0.0,4.818668801629785e-06,0.0014985359973068632,8
1962,2011-10-23 10:41:00,7.1,Mw,71.0,38.69,43.49,isc_ehb,15.0,True,311,31,21.166005552996168,25.94223951530524,0.002543103421772256,0.008357214681999764,0.257674757768887,0.0,1.0866107376665179e-05,0.003286242905963346,9
1962,2011-10-23 10:41:00,7.1,Mw,71.0,38.69,43.49,global_cmt,12.0,True,311,31,21.166005552996168,24.331045827696446,0.0025433586626816018,0.008486645688252888,0.27759611821481367,0.0,2.1796695905362117e-05,0.006572278180953592,9
1963,2011-10-23 20:45:00,5.8,Mw,77.0,38.55,43.16,waveform,9.0,True,311,34,23.151383367461445,24.839213993747276,0.0002823271571586472,0.001797067427476077,0.09222997880612267,0.0,6.430868167202573e-11,1e-08,2
1963,2011-10-23 20:45:00,5.8,Mw,77.0,38.55,43.16,isc_ehb,10.0,True,311,34,23.151383367461445,25.21877379705783,0.00028231917821079124,0.0017845897079148438,0.09013946669460787,0.0,6.430868167202573e-11,1e-08,2
1963,2011-10-23 20:45:00,5.8,Mw,77.0,38.55,43.16,global_cmt,12.0,True,311,34,23.151383367461445,26.076551762592587,0.00028230070252006537,0.00175736788009723,0.08567196189431782,0.0,6.430868167202573e-11,1e-08,2
1964,2011-10-25 14:55:00,5.6,Mw,81.0,38.81,43.62,waveform,11.0,True,311,30,11.46619724705404,15.889420357846591,0.00017571033368568416,0.0014041848623503788,0.13448869708202751,0.0,3.2154340836012864e-11,1e-08,1
1964,2011-10-25 14:55:00,5.6,Mw,81.0,38.81,43.62,isc_ehb,14.0,True,311,30,11.46619724705404,18.09623384321582,0.00017569011171119647,0.0013185541990528157,0.11138606435489336,0.0,3.2154340836012864e-11,1e-08,1
1964,2011-10-25 14:55:00,5.6,Mw,81.0,38.81,43.62,global_cmt,14.0,True,311,30,11.46619724705404,18.09623384321582,0.00017569011171119647,0.0013185541990528157,0.11138606435489336,0.0,3.2154340836012864e-11,1e-08,1
1967,2011-11-09 19:23:00,5.6,Mw,-175.0,38.42,43.22,waveform,7.0,True,311,34,19.992057082418476,21.18212327380517,0.00017238361217295398,0.0012547579575856126,0.0871844511528878,0.0,3.2154340836012864e-11,1e-08,1
1967,2011-11-09 19:23:00,5.6,Mw,-175.0,38.42,43.22,isc_ehb,13.0,True,311,34,19.992057082418476,23.847061588100928,0.00017234908139727702,0.00118741862992464,0.07270172012862841,0.0,3.2154340836012864e-11,1e-08,1
1967,2011-11-09 19:23:00,5.6,Mw,-175.0,38.42,43.22,global_cmt,13.0,True,311,34,19.992057082418476,23.847061588100928,0.00017234908139727702,0.00118741862992464,0.07270172012862841,0.0,3.2154340836012864e-11,1e-08,1
2268,2012-06-10 12:44:00,6.2,Mw,0.0,36.38,28.97,waveform,31.0,False,311,19,32.04818538505249,44.58796010667781,0.0007015130628454867,0.0017345997368314768,0.04930435182689401,0.0,0.0,0.0,0
2268,2012-06-10 12:44:00,6.2,Mw,0.0,36.38,28.97,isc_ehb,28.0,True,311,19,32.04818538505249,42.55685827777577,0.0007017723393953581,0.0017567535555792191,0.053008786337182666,0.0,3.2154340836012864e-11,1e-08,1
2268,2012-06-10 12:44:00,6.2,Mw,0.0,36.38,28.97,global_cmt,28.0,True,311,19,32.04818538505249,42.55685827777577,0.0007017723393953581,0.0017567535555792191,0.053008786337182666,0.0,3.2154340836012864e-11,1e-08,1
2269,2012-07-09 13:55:00,5.7,Mw,2.0,35.6,28.95,waveform,51.0,False,311,8,94.65456649865389,107.51970498028764,0.00023599284773717088,0.0004465614473629917,0.005962035051926315,0.0,0.0,0.0,0
2269,2012-07-09 13:55:00,5.7,Mw,2.0,35.6,28.95,isc_ehb,71.0,False,311,8,94.65456649865389,118.32365342165569,0.00023499457974036295,0.00043200137188611934,0.005049639716520532,0.0,0.0,0.0,0
2269,2012-07-09 13:55:00,5.7,Mw,2.0,35.6,28.95,global_cmt,71.0,False,311,8,94.65456649865389,118.32365342165569,0.00023499457974036295,0.00043200137188611934,0.005049639716520532,0.0,0.0,0.0,0
2271,2013-06-15 16:11:00,6.2,Mw,95.0,34.45,25.04,waveform,20.0,True,311,0,348.6153139998947,349.18854098501737,0.000352043790421114,0.0004689432651207921,0.002692328407091989,0.0,0.0,0.0,0
2271,2013-06-15 16:11:00,6.2,Mw,95.0,34.45,25.04,isc_ehb,15.0,True,311,0,348.6153139998947,348.9378700503073,0.0003520872956613006,0.00046909258833176156,0.0026954375779001424,0.0,0.0,0.0,0
2271,2013-06-15 16:11:00,6.2,Mw,95.0,34.45,25.04,global_cmt,12.0,True,311,0,348.6153139998947,348.8217842326439,0.0003521074364426572,0.0004691617601104511,0.002696879401700979,0.0,0.0,0.0,0
2272,2013-06-16 21:39:00,6.0,Mw,-17.0,34.42,25.18,waveform,18.0,True,311,0,342.52532278795053,342.9979544414073,0.0002177821193204711,0.0002955633096426218,0.0017956563120070073,0.0,0.0,0.0,0
2272,2013-06-16 21:39:00,6.0,Mw,-17.0,34.42,25.18,isc_ehb,20.0,True,311,0,342.52532278795053,343.108724387751,0.00021777002700682884,0.00029551958886214194,0.0017946935864129377,0.0,0.0,0.0,0
2272,2013-06-16 21:39:00,6.0,Mw,-17.0,34.42,25.18,global_cmt,20.0,True,311,0,342.52532278795053,343.108724387751,0.00021777002700682884,0.00029551958886214194,0.0017946935864129377,0.0,0.0,0.0,0
2048,2013-11-22 06:51:00,5.5,Mw,70.0,34.49,45.45,waveform,16.0,True,311,0,373.77699559995506,374.11928905060324,8.112457378718764e-05,0.00011072064350395483,0.000498041138593968,0.0,0.0,0.0,0
2048,2013-11-22 06:51:00,5.5,Mw,70.0,34.49,45.45,isc_ehb,18.0,True,311,0,373.77699559995506,374.21015811937656,8.112022341443296e-05,0.00011070603133181211,0.0004978241551074104,0.0,0.0,0.0,0
2048,2013-11-22 06:51:00,5.5,Mw,70.0,34.49,45.45,global_cmt,18.0,True,311,0,373.77699559995506,374.21015811937656,8.112022341443296e-05,0.00011070603133181211,0.0004978241551074104,0.0,0.0,0.0,0
2050,2013-11-22 18:30:00,5.6,Mw,102.0,34.37,45.52,waveform,14.0,True,311,0,388.39473707872173,388.64697578966104,9.755199565998079e-05,0.00013059493484457061,0.000556681320817747,0.0,0.0,0.0,0
2050,2013-11-22 18:30:00,5.6,Mw,102.0,34.37,45.52,isc_ehb,13.0,True,311,0,388.39473707872173,388.612238343634,9.755399608690967e-05,0.00013060125254971212,0.0005567693554101209,0.0,0.0,0.0,0
2050,2013-11-22 18:30:00,5.6,Mw,102.0,34.37,45.52,global_cmt,13.0,True,311,0,388.39473707872173,388.612238343634,9.755399608690967e-05,0.00013060125254971212,0.0005567693554101209,0.0,0.0,0.0,0
2051,2013-11-24 18:05:00,5.5,Mw,124.0,34.27,45.48,waveform,14.0,True,311,0,398.0487997951545,398.2949246706051,7.902649209096848e-05,0.00010567429113626357,0.0004451102447852215,0.0,0.0,0.0,0
2051,2013-11-24 18:05:00,5.5,Mw,124.0,34.27,45.48,isc_ehb,13.0,True,311,0,398.0487997951545,398.2610287466789,7.902812648798476e-05,0.00010567935385942756,0.0004451782259171811,0.0,0.0,0.0,0
2051,2013-11-24 18:05:00,5.5,Mw,124.0,34.27,45.48,global_cmt,18.0,True,311,0,398.0487997951545,398.4555772208026,7.901874481073916e-05,0.00010565030067301297,0.00044478826227291383,0.0,0.0,0.0,0
2273,2013-12-28 15:21:00,5.9,Mw,75.0,36.05,31.32,waveform,46.0,False,311,20,90.41658427404998,101.44534839896002,0.0005271191387170463,0.0010255925840483605,0.010684562758626769,0.0,0.0,0.0,0
2273,2013-12-28 15:21:00,5.9,Mw,75.0,36.05,31.32,isc_ehb,62.0,False,311,19,90.41658427404998,109.63192378037695,0.0005245818950270333,0.0009907738380027298,0.009433500109530825,0.0,0.0,0.0,0
2273,2013-12-28 15:21:00,5.9,Mw,75.0,36.05,31.32,global_cmt,52.0,False,311,20,90.41658427404998,104.30320566399857,0.000526252772008644,0.001013092601527458,0.010219884998025,0.0,0.0,0.0,0
2087,2015-04-16 18:07:00,6.1,Mw,56.0,35.17,26.85,waveform,23.0,True,311,1,188.6098565893233,190.007047244688,0.00039205186717445223,0.0006045691691433931,0.006113168008200979,0.0,0.0,0.0,0
2087,2015-04-16 18:07:00,6.1,Mw,56.0,35.17,26.85,isc_ehb,22.0,True,311,1,188.6098565893233,189.8885936612442,0.00039207025296967917,0.0006046924734055504,0.006119338767331763,0.0,0.0,0.0,0
2087,2015-04-16 18:07:00,6.1,Mw,56.0,35.17,26.85,global_cmt,24.0,True,311,1,188.6098565893233,190.1306866411761,0.0003920326662734361,0.0006044405088618923,0.0061067377269458335,0.0,0.0,0.0,0
2274,2015-06-09 21:49:00,5.3,Mw,-117.0,35.04,26.79,waveform,16.0,True,311,0,204.0426186011834,204.66897714511595,6.374160426910199e-05,0.0001057730886111276,0.0012225895139098843,0.0,0.0,0.0,0
2274,2015-06-09 21:49:00,5.3,Mw,-117.0,35.04,26.79,isc_ehb,16.0,True,311,0,204.0426186011834,204.66897714511595,6.374160426910199e-05,0.0001057730886111276,0.0012225895139098843,0.0,0.0,0.0,0
2274,2015-06-09 21:49:00,5.3,Mw,-117.0,35.04,26.79,global_cmt,27.0,True,311,0,204.0426186011834,205.82125790507644,6.370593673993963e-05,0.00010552513651001159,0.0012100387143150805,0.0,0.0,0.0,0
2343,2017-07-20 22:31:00,6.5,Mw,-75.0,36.96,27.47,waveform,7.0,True,311,21,33.458661023937545,34.18306594667537,0.000929148290368732,0.0026060458071254784,0.10423036653412446,0.0,6.430868167202573e-11,1e-08,2
2343,2017-07-20 22:31:00,6.5,Mw,-75.0,36.96,27.47,global_cmt,12.0,True,311,21,33.458661023937545,35.5454919436313,0.000929012472520453,0.002572997416971026,0.09918926443178354,0.0,6.430868167202573e-11,1e-08,2
2147,2017-11-12 18:18:00,7.2,Mw,143.0,34.89,45.94,waveform,17.0,True,311,0,348.0136187374097,348.42858497360277,0.0016502869448251675,0.002039688147668593,0.007251289914605545,0.0,0.0,0.0,0
2147,2017-11-12 18:18:00,7.2,Mw,143.0,34.89,45.94,global_cmt,17.0,True,311,0,348.0136187374097,348.42858497360277,0.0016502869448251675,0.002039688147668593,0.007251289914605545,0.0,0.0,0.0,0
2157,2018-01-11 06:59:00,5.4,Mw,99.0,33.8,45.67,waveform,12.0,True,311,0,453.1051876503914,453.264063296106,5.9772335247808785e-05,7.736621616729479e-05,0.00029347469086548993,0.0,0.0,0.0,0
2157,2018-01-11 06:59:00,5.4,Mw,99.0,33.8,45.67,global_cmt,12.0,True,311,0,453.1051876503914,453.264063296106,5.9772335247808785e-05,7.736621616729479e-05,0.00029347469086548993,0.0,0.0,0.0,0
